-- phpMyAdmin SQL Dump
-- version 4.9.5deb2
-- https://www.phpmyadmin.net/
--
-- Host: localhost:3306
-- Generation Time: Mar 07, 2022 at 08:27 PM
-- Server version: 8.0.28-0ubuntu0.20.04.3
-- PHP Version: 7.4.3

SET SQL_MODE = "NO_AUTO_VALUE_ON_ZERO";

--
-- Database: tdlhfw
--
CREATE DATABASE IF NOT EXISTS tdlhfw DEFAULT CHARACTER SET utf8mb4 COLLATE utf8mb4_0900_ai_ci;
USE tdlhfw;

-- --------------------------------------------------------

--
-- Table structure for table ctx
--

CREATE TABLE IF NOT EXISTS ctx (
  id int UNSIGNED NOT NULL AUTO_INCREMENT,
  ctx_name varchar(31) CHARACTER SET utf8mb4 COLLATE utf8mb4_0900_ai_ci NOT NULL COMMENT 'Full name for the context',
  ctx_lbl varchar(31) CHARACTER SET utf8mb4 COLLATE utf8mb4_0900_ai_ci NOT NULL COMMENT 'Label for querying.',
  ctx_dsr varchar(127) CHARACTER SET utf8mb4 COLLATE utf8mb4_0900_ai_ci DEFAULT NULL COMMENT 'Description of the context.',
  ctx_type_id int UNSIGNED NOT NULL DEFAULT '30' COMMENT 'Context type id.',
  spc_ord int UNSIGNED DEFAULT NULL COMMENT 'Manually order the entries.',
  act_bit tinyint(1) NOT NULL DEFAULT '1' COMMENT 'True if active.',
  PRIMARY KEY (id),
  UNIQUE KEY ctx_name (ctx_name),
  UNIQUE KEY ctx_lbl (ctx_lbl),
  KEY ctx_type_id (ctx_type_id),
  KEY spc_ord (spc_ord)
) ENGINE=MyISAM AUTO_INCREMENT=23 DEFAULT CHARSET=utf8mb4 COLLATE=utf8mb4_0900_ai_ci COMMENT='Arbitrary contexts to span pages added during project development.';

--
-- Dumping data for table ctx
--

INSERT IGNORE INTO ctx (id, ctx_name, ctx_lbl, ctx_dsr, ctx_type_id, spc_ord, act_bit) VALUES
(1, 'Default Context', 'def_ctx', 'This context is required for use in the settings value table for any non-contextual value as id=1.', 30, 1, 1),
(2, 'Default Page Context', 'def&lowbar;pg&lowbar;ctx', 'Pages with no special association&period;', 36, 1, 1),
(3, 'To-Do List', 'todo', 'The To-Do list on the left&period;', 31, 1, 1),
(4, 'Diary', 'diary', 'The diary entries on the right&period;', 31, 2, 1),
(5, 'Left Col 1 New', 'lc1n', NULL, 31, 30, 1),
(6, 'Left Col 2 New', 'lc2n', NULL, 31, 40, 1),
(7, 'Left Col 3 New', 'lc3n', NULL, 31, 50, 1),
(8, 'Left Col 4 New', 'lc4n', NULL, 31, 60, 1),
(9, 'Left Col 5 New', 'lc5n', NULL, 31, 70, 1),
(10, 'Left Col 6 New', 'lc6n', NULL, 31, 80, 1),
(11, 'Right Col 1 New', 'rc1n', NULL, 31, 90, 1),
(12, 'Right Col 2 New', 'rc2n', NULL, 31, 100, 1),
(13, 'Right Col 3 New', 'rc3n', NULL, 31, 110, 1),
(14, 'Left Col 1 Old', 'lc1o', NULL, 31, 25, 1),
(15, 'Left Col 2 Old', 'lc2o', NULL, 31, 35, 1),
(16, 'Left Col 3 Old', 'lc3o', NULL, 31, 45, 1),
(17, 'Left Col 4 Old', 'lc4o', NULL, 31, 55, 1),
(18, 'Left Col 5 Old', 'lc5o', NULL, 31, 65, 1),
(19, 'Left Col 6 Old', 'lc6o', NULL, 31, 75, 1),
(20, 'Right Col 1 Old', 'rc1o', NULL, 31, 85, 1),
(21, 'Right Col 2 Old', 'rc2o', NULL, 31, 95, 1),
(22, 'Right Col 3 Old', 'rc3o', NULL, 31, 105, 1);

-- --------------------------------------------------------

--
-- Table structure for table meta_types
--

CREATE TABLE IF NOT EXISTS meta_types (
  id int UNSIGNED NOT NULL AUTO_INCREMENT,
  spc_ord int UNSIGNED DEFAULT NULL COMMENT 'Allows for ordering lists entered in random order',
  meta_type_name varchar(255) CHARACTER SET utf8mb4 COLLATE utf8mb4_0900_ai_ci DEFAULT NULL COMMENT 'Names are preset.',
  meta_type_dsr varchar(1023) CHARACTER SET utf8mb4 COLLATE utf8mb4_0900_ai_ci DEFAULT NULL COMMENT 'Full descriptions.',
  PRIMARY KEY (id)
) ENGINE=MyISAM AUTO_INCREMENT=4 DEFAULT CHARSET=utf8mb4 COLLATE=utf8mb4_0900_ai_ci COMMENT='Stores all meta or super types to sort the type table with.' ROW_FORMAT=DYNAMIC;

--
-- Dumping data for table meta_types
--

INSERT IGNORE INTO meta_types (id, spc_ord, meta_type_name, meta_type_dsr) VALUES
(1, 1, 'Page Object', 'The type of page objects that can exist.'),
(2, 2, 'Page Object Setting', 'The type of page object properties that can exist'),
(3, 3, 'Context', 'Meta contexts or types of contexts.');

-- --------------------------------------------------------

--
-- Table structure for table pgs
--

CREATE TABLE IF NOT EXISTS pgs (
  id int UNSIGNED NOT NULL AUTO_INCREMENT,
  pg_obj_id int UNSIGNED NOT NULL COMMENT 'Stores the type of page as a page object id',
  pg_ctx_id int UNSIGNED NOT NULL DEFAULT '2' COMMENT 'Stores the page context id',
  PRIMARY KEY (id),
  UNIQUE KEY pg_obj_id (pg_obj_id),
  KEY pg_ctx_id (pg_ctx_id)
) ENGINE=MyISAM AUTO_INCREMENT=2 DEFAULT CHARSET=utf8mb4 COLLATE=utf8mb4_0900_ai_ci COMMENT='Keeps track of individual pages where the URL points to the ';

--
-- Dumping data for table pgs
--

INSERT IGNORE INTO pgs (id, pg_obj_id, pg_ctx_id) VALUES
(1, 1, 2);

-- --------------------------------------------------------

--
-- Table structure for table pg_objs
--

CREATE TABLE IF NOT EXISTS pg_objs (
  id int UNSIGNED NOT NULL AUTO_INCREMENT,
  pg_obj_type_id int UNSIGNED NOT NULL,
  obj_name varchar(63) CHARACTER SET utf8mb4 COLLATE utf8mb4_0900_ai_ci DEFAULT NULL COMMENT 'ID''s object',
  obj_dsr varchar(255) CHARACTER SET utf8mb4 COLLATE utf8mb4_0900_ai_ci DEFAULT NULL COMMENT 'Describes object',
  acs_str varchar(255) CHARACTER SET utf8mb4 COLLATE utf8mb4_0900_ai_ci DEFAULT NULL COMMENT 'Gives access based on role to object',
  act_bit tinyint(1) NOT NULL DEFAULT '0' COMMENT 'True if active',
  PRIMARY KEY (id),
  UNIQUE KEY unique_obj (pg_obj_type_id,obj_name),
  KEY pg_obj_type_id (pg_obj_type_id)
) ENGINE=MyISAM AUTO_INCREMENT=38 DEFAULT CHARSET=utf8mb4 COLLATE=utf8mb4_0900_ai_ci COMMENT='Keeps track of all objects that a page can use.' ROW_FORMAT=DYNAMIC;

--
-- Dumping data for table pg_objs
--

INSERT IGNORE INTO pg_objs (id, pg_obj_type_id, obj_name, obj_dsr, acs_str, act_bit) VALUES
(1, 14, 'index', 'The main page&period;', NULL, 1),
(2, 37, 'Notes', 'Any page notes', NULL, 1),
(3, 39, 'favicon', 'Favicon image name', NULL, 1),
(4, 39, 'Meta Description', 'Meta tag description string', NULL, 1),
(5, 39, 'Meta Keywords', 'Meta tag keyword string', NULL, 1),
(6, 39, 'Meta Viewport', 'Meta tag viewport string', NULL, 1),
(7, 9, 'Page Header', 'Main Page Header', NULL, 1),
(8, 17, 'Sub-Header', 'Sub headers for the pages&period;', NULL, 1),
(9, 39, 'Title', 'Page title', NULL, 1),
(10, 39, 'Stylesheets', 'Links to stylesheets&period;', NULL, 1),
(11, 50, 'New Entry', 'The text of the entry&period;', NULL, 1),
(12, 50, 'New Type Select', 'To-do Type selection', NULL, 1),
(13, 50, 'New Type Options', 'New To-do Type options list', NULL, 1),
(14, 50, 'New Status Select', 'To-do Status selection', NULL, 1),
(15, 50, 'New Status Options', 'New To-do Status options list', NULL, 1),
(16, 50, 'New Deadline', 'New To-do deadline', NULL, 1),
(17, 50, 'New Completion Date', 'New To-do completion date', NULL, 1),
(18, 50, 'New To-do List Select', 'New Diary Entry To-do reference selection&period;', NULL, 1),
(19, 50, 'New To-do List Options', 'New Diary Entry To-do reference options list&period;', NULL, 1),
(20, 6, 'Entry Form', 'Submission for entries', NULL, 1),
(21, 48, 'Current Date', 'Show the current date for new entries&period;', NULL, 1),
(22, 10, 'Row Outer Div', 'Object row outer div container&period;', NULL, 1),
(23, 10, 'Row Inner Div', 'Object row inner div container&period;', NULL, 1),
(24, 46, 'Add New', 'Add New Entry button&period;', NULL, 1),
(37, 48, 'Old Date', 'Show the date for the entry&period;', '', 1),
(25, 10, 'Old Row Inner Div', 'Object row inner div container&period;', NULL, 0),
(26, 10, 'Old Row Outer Div', 'Object row outer div container&period;', NULL, 0),
(27, 46, 'Update Old', 'Update Old Entry button&period;', NULL, 1),
(28, 50, 'Old Entry', 'The text of the entry&period;', NULL, 1),
(29, 50, 'Old Type Select', 'To-do Type selection', NULL, 1),
(30, 50, 'Old Type Options', 'To-do Type options list', NULL, 1),
(31, 50, 'Old Status Select', 'To-do Status selection', NULL, 1),
(32, 50, 'Old Status Options', 'To-do Status options list', NULL, 1),
(33, 50, 'Old Deadline', 'To-do deadline', NULL, 1),
(34, 50, 'Old Completion Date', 'To-do completion date', NULL, 1),
(35, 50, 'Old To-do List Select', 'Diary Entry To-do reference selection&period;', NULL, 1),
(36, 50, 'Old To-do List Options', 'Diary Entry To-do reference options list&period;', NULL, 1);

-- --------------------------------------------------------

--
-- Table structure for table pg_obj_pg_obj_set_val_brg
--

CREATE TABLE IF NOT EXISTS pg_obj_pg_obj_set_val_brg (
  id int UNSIGNED NOT NULL AUTO_INCREMENT,
  pg_obj_id int UNSIGNED NOT NULL,
  pg_obj_set_type_id int UNSIGNED NOT NULL,
  pg_obj_set_val varchar(16000) CHARACTER SET utf8mb4 COLLATE utf8mb4_0900_ai_ci DEFAULT NULL COMMENT 'Store the setting (property) value.',
  pg_id int UNSIGNED DEFAULT NULL COMMENT 'Stores the page id for the setting, or null if default',
  ctx_id int UNSIGNED NOT NULL DEFAULT '1' COMMENT 'An arbitrary context can be chosen in addition to the default.',
  act_bit tinyint(1) NOT NULL COMMENT 'True = 1 if in use.',
  PRIMARY KEY (id),
  UNIQUE KEY unique_set (pg_obj_id,pg_obj_set_type_id,pg_id,ctx_id),
  KEY secondary_index (pg_obj_id,pg_obj_set_type_id),
  KEY context (ctx_id)
) ENGINE=MyISAM AUTO_INCREMENT=1351 DEFAULT CHARSET=utf8mb4 COLLATE=utf8mb4_0900_ai_ci COMMENT='Stores the actual object values for reuse on pages.' ROW_FORMAT=DYNAMIC;

--
-- Dumping data for table pg_obj_pg_obj_set_val_brg
--

INSERT IGNORE INTO pg_obj_pg_obj_set_val_brg (id, pg_obj_id, pg_obj_set_type_id, pg_obj_set_val, pg_id, ctx_id, act_bit) VALUES
(1, 3, 24, NULL, 1, 1, 1),
(2, 3, 24, 'todo.png', NULL, 1, 1),
(3, 3, 24, NULL, 1, 3, 1),
(4, 3, 24, NULL, NULL, 3, 1),
(5, 3, 24, NULL, 1, 4, 1),
(6, 3, 24, NULL, NULL, 4, 1),
(7, 4, 24, NULL, 1, 1, 1),
(8, 4, 24, 'Hoopla Sample Website', NULL, 1, 1),
(9, 4, 24, NULL, 1, 3, 1),
(10, 4, 24, NULL, NULL, 3, 1),
(11, 4, 24, NULL, 1, 4, 1),
(12, 4, 24, NULL, NULL, 4, 1),
(13, 5, 24, NULL, 1, 1, 1),
(14, 5, 24, 'Test,Demonstration,Sample,Website,Framework', NULL, 1, 1),
(15, 5, 24, NULL, 1, 3, 1),
(16, 5, 24, NULL, NULL, 3, 1),
(17, 5, 24, NULL, 1, 4, 1),
(18, 5, 24, NULL, NULL, 4, 1),
(19, 6, 24, NULL, 1, 1, 1),
(20, 6, 24, 'width=device-width, initial-scale=1, shrink-to-fit=no', NULL, 1, 1),
(21, 6, 24, NULL, 1, 3, 1),
(22, 6, 24, NULL, NULL, 3, 1),
(23, 6, 24, NULL, 1, 4, 1),
(24, 6, 24, NULL, NULL, 4, 1),
(25, 7, 26, NULL, 1, 1, 1),
(26, 7, 26, 'To-Do List &amp; Diary', NULL, 1, 1),
(27, 7, 26, NULL, 1, 3, 1),
(28, 7, 26, 'To-Do List', NULL, 3, 1),
(29, 7, 26, NULL, 1, 4, 1),
(30, 7, 26, 'Diary', NULL, 4, 1),
(31, 8, 26, NULL, 1, 1, 1),
(32, 8, 26, NULL, NULL, 1, 1),
(33, 8, 26, NULL, 1, 3, 1),
(34, 8, 26, 'Enter things you need to do here.', NULL, 3, 1),
(35, 8, 26, NULL, 1, 4, 1),
(36, 8, 26, 'Enter things you&apos;ve done here.', NULL, 4, 1),
(37, 9, 24, NULL, 1, 1, 1),
(38, 9, 24, 'To-Do List', NULL, 1, 1),
(39, 9, 24, NULL, 1, 3, 1),
(40, 9, 24, NULL, NULL, 3, 1),
(41, 9, 24, NULL, 1, 4, 1),
(42, 9, 24, NULL, NULL, 4, 1),
(43, 10, 19, NULL, 1, 1, 1),
(44, 10, 19, '		<link rel=\"stylesheet\" href=\"css/google.roboto.fonts.css\">\r\n		<link rel=\"stylesheet\" href=\"css/font-awesome.min.css\">\r\n		<link rel=\"stylesheet\" href=\"css/style.css\">\r\n', NULL, 1, 1),
(45, 10, 19, NULL, 1, 3, 1),
(46, 10, 19, NULL, NULL, 3, 1),
(47, 10, 19, NULL, 1, 4, 1),
(48, 10, 19, NULL, NULL, 4, 1),
(49, 11, 34, NULL, 1, 1, 1),
(50, 11, 34, NULL, NULL, 1, 1),
(51, 11, 34, 'textarea||name=newentry;\\nid=newentry;\\nclass=form-control;\\ncols=30;\\nrows=1;\\nplaceholder=New Entry Here', 1, 3, 1),
(52, 11, 34, NULL, NULL, 3, 1),
(53, 11, 34, 'textarea||name=newentry;\\nid=newentry;\\nclass=form-control;\\ncols=30;\\nrows=1;\\nplaceholder=New Entry Here', 1, 4, 1),
(54, 11, 34, NULL, NULL, 4, 1),
(55, 12, 34, NULL, 1, 1, 1),
(56, 12, 34, NULL, NULL, 1, 1),
(57, 12, 34, 'select||name=newtodotype;\\nclass=form-control;\\ndata-core=1,newtypeopt,todo,csv;\\nfore=<p><span>Type:</span>;\\naft=</p>;\\ndata-wrapper=div!!class=text', 1, 3, 1),
(58, 12, 34, NULL, NULL, 3, 1),
(59, 12, 34, NULL, 1, 4, 1),
(60, 12, 34, NULL, NULL, 4, 1),
(61, 13, 34, NULL, 1, 1, 1),
(62, 13, 34, NULL, NULL, 1, 1),
(63, 13, 34, 'option||value=__id__;\\ndval=__dval__;\\ncore=__name__;\\ncorefore=&nbsp;;\\ndata-internal-only=true', 1, 3, 1),
(64, 13, 34, NULL, NULL, 3, 1),
(65, 13, 34, NULL, 1, 4, 1),
(66, 13, 34, NULL, NULL, 4, 1),
(67, 14, 34, NULL, 1, 1, 1),
(68, 14, 34, NULL, NULL, 1, 1),
(69, 14, 34, 'select||name=newtodostatus;\\nclass=form-control;\\ndata-core=1,newstatusopt,todo,csv;\\nfore=<p><span>Status:</span>;\\naft=</p>;\\ndata-wrapper=div!!class=text', 1, 3, 1),
(70, 14, 34, NULL, NULL, 3, 1),
(71, 14, 34, NULL, 1, 4, 1),
(72, 14, 34, NULL, NULL, 4, 1),
(73, 15, 34, NULL, 1, 1, 1),
(74, 15, 34, NULL, NULL, 1, 1),
(75, 15, 34, 'option||value=__id__;\\ndval=__dval__;\\ncore=__name__;\\ncorefore=&nbsp;;\\ndata-internal-only=true', 1, 3, 1),
(76, 15, 34, NULL, NULL, 3, 1),
(77, 15, 34, NULL, 1, 4, 1),
(78, 15, 34, NULL, NULL, 4, 1),
(79, 18, 34, NULL, 1, 1, 1),
(80, 18, 34, NULL, NULL, 1, 1),
(81, 18, 34, NULL, 1, 3, 1),
(82, 18, 34, NULL, NULL, 3, 1),
(83, 18, 34, 'select||name=newdiarytodo;\\nclass=form-control;\\ndata-core=1,newtodoopt,diary,csv;\\nfore=<p><span>Associated To-Do:</span>;\\naft=</p>;\\ndata-wrapper=div!!class=text', 1, 4, 1),
(84, 18, 34, NULL, NULL, 4, 1),
(85, 19, 34, NULL, 1, 1, 1),
(86, 19, 34, NULL, NULL, 1, 1),
(87, 19, 34, NULL, 1, 3, 1),
(88, 19, 34, NULL, NULL, 3, 1),
(89, 19, 34, 'option||value=__note_id__;\\ncore=__note__;\\ncorefore=&nbsp;;\\ndata-internal-only=true', 1, 4, 1),
(90, 19, 34, NULL, NULL, 4, 1),
(91, 16, 34, NULL, 1, 1, 1),
(92, 16, 34, NULL, NULL, 1, 1),
(93, 16, 34, 'date||name=newdl;\\nclass=form-control;\\nfore=<p><span>Deadline (If Any):</span>;\\naft=</p>;\\ndata-wrapper=div!!class=text', 1, 3, 1),
(94, 16, 34, NULL, NULL, 3, 1),
(95, 16, 34, NULL, 1, 4, 1),
(96, 16, 34, NULL, NULL, 4, 1),
(97, 17, 34, NULL, 1, 1, 1),
(98, 17, 34, NULL, NULL, 1, 1),
(99, 17, 34, 'date||name=newcd;\\nclass=form-control;\\nfore=<p><span>Completed:</span>;\\naft=</p>;\\ndata-wrapper=div!!class=text', 1, 3, 1),
(100, 17, 34, NULL, NULL, 3, 1),
(101, 17, 34, NULL, 1, 4, 1),
(102, 17, 34, NULL, NULL, 4, 1),
(103, 20, 26, NULL, 1, 1, 1),
(104, 20, 26, NULL, NULL, 1, 1),
(105, 20, 26, 'todoform', 1, 3, 1),
(106, 20, 26, NULL, NULL, 3, 1),
(107, 20, 26, 'diaryform', 1, 4, 1),
(108, 20, 26, NULL, NULL, 4, 1),
(109, 20, 26, NULL, 1, 5, 1),
(110, 20, 26, NULL, NULL, 5, 1),
(111, 20, 26, NULL, 1, 6, 1),
(112, 20, 26, NULL, NULL, 6, 1),
(113, 20, 26, NULL, 1, 7, 1),
(114, 20, 26, NULL, NULL, 7, 1),
(115, 20, 26, NULL, 1, 8, 1),
(116, 20, 26, NULL, NULL, 8, 1),
(117, 20, 26, NULL, 1, 9, 1),
(118, 20, 26, NULL, NULL, 9, 1),
(119, 20, 26, NULL, 1, 10, 1),
(120, 20, 26, NULL, NULL, 10, 1),
(121, 20, 26, NULL, 1, 11, 1),
(122, 20, 26, NULL, NULL, 11, 1),
(123, 20, 26, NULL, 1, 12, 1),
(124, 20, 26, NULL, NULL, 12, 1),
(125, 20, 26, NULL, 1, 13, 1),
(126, 20, 26, NULL, NULL, 13, 1),
(127, 22, 34, NULL, 1, 1, 1),
(128, 22, 34, NULL, NULL, 1, 1),
(129, 22, 34, NULL, 1, 3, 1),
(130, 22, 34, NULL, NULL, 3, 1),
(131, 22, 34, NULL, 1, 4, 1),
(132, 22, 34, NULL, NULL, 4, 1),
(133, 22, 34, 'div||class=col-md-12;\\ndata-core=1,rid,lc1n,csv', 1, 5, 1),
(134, 22, 34, NULL, NULL, 5, 1),
(135, 22, 34, 'div||class=col-md-12;\\ndata-core=1,rid,lc2n,csv', 1, 6, 1),
(136, 22, 34, NULL, NULL, 6, 1),
(137, 22, 34, 'div||class=col-md-3;\\ndata-core=1,rid,lc3n,csv', 1, 7, 1),
(138, 22, 34, NULL, NULL, 7, 1),
(139, 22, 34, 'div||class=col-md-3;\\ndata-core=1,rid,lc4n,csv', 1, 8, 1),
(140, 22, 34, NULL, NULL, 8, 1),
(141, 22, 34, 'div||class=col-md-3;\\ndata-core=1,rid,lc5n,csv', 1, 9, 1),
(142, 22, 34, NULL, NULL, 9, 1),
(143, 22, 34, 'div||class=col-md-3;\\ndata-core=1,rid,lc6n,csv', 1, 10, 1),
(144, 22, 34, NULL, NULL, 10, 1),
(145, 22, 34, 'div||class=col-md-12;\\ndata-core=1,rid,rc1n,csv', 1, 11, 1),
(146, 22, 34, NULL, NULL, 11, 1),
(147, 22, 34, 'div||class=col-md-12;\\ndata-core=1,rid,rc2n,csv', 1, 12, 1),
(148, 22, 34, NULL, NULL, 12, 1),
(149, 22, 34, 'div||class=col-md-12;\\ndata-core=1,rid,rc3n,csv', 1, 13, 1),
(150, 22, 34, NULL, NULL, 13, 1),
(151, 23, 34, NULL, 1, 1, 1),
(152, 23, 34, NULL, NULL, 1, 1),
(153, 23, 34, NULL, 1, 3, 1),
(154, 23, 34, NULL, NULL, 3, 1),
(155, 23, 34, NULL, 1, 4, 1),
(156, 23, 34, NULL, NULL, 4, 1),
(157, 23, 34, 'div||class=form-group;\\ndata-internal-only=true;\\ndata-core=1,curdate,todo,csv', 1, 5, 1),
(158, 23, 34, NULL, NULL, 5, 1),
(159, 23, 34, 'div||class=form-group;\\ndata-internal-only=true;\\ndata-core=1,newentry,todo,csv', 1, 6, 1),
(160, 23, 34, NULL, NULL, 6, 1),
(161, 23, 34, 'div||class=dbox w-100 d-flex align-items-start;\\ndata-internal-only=true;\\ndata-core=1,newtypesel,todo,csv', 1, 7, 1),
(162, 23, 34, NULL, NULL, 7, 1),
(163, 23, 34, 'div||class=dbox w-100 d-flex align-items-start;\\ndata-internal-only=true;\\ndata-core=1,newstatussel,todo,csv', 1, 8, 1),
(164, 23, 34, NULL, NULL, 8, 1),
(165, 23, 34, 'div||class=dbox w-100 d-flex align-items-start;\\ndata-internal-only=true;\\ndata-core=1,newdl,todo,csv', 1, 9, 1),
(166, 23, 34, NULL, NULL, 9, 1),
(167, 23, 34, 'div||class=dbox w-100 d-flex align-items-start;\\ndata-internal-only=true;\\ndata-core=1,newcd,todo,csv', 1, 10, 1),
(168, 23, 34, NULL, NULL, 10, 1),
(169, 23, 34, 'div||class=form-group;\\ndata-internal-only=true;\\ndata-core=1,curdate,diary,csv', 1, 11, 1),
(170, 23, 34, NULL, NULL, 11, 1),
(171, 23, 34, 'div||class=form-group;\\ndata-internal-only=true;\\ndata-core=1,newentry,diary,csv', 1, 12, 1),
(172, 23, 34, NULL, NULL, 12, 1),
(173, 23, 34, 'div||class=dbox w-100 d-flex align-items-start;\\ndata-internal-only=true;\\ndata-core=1,newtodosel,diary,csv', 1, 13, 1),
(174, 23, 34, NULL, NULL, 13, 1),
(175, 12, 34, NULL, 1, 5, 1),
(176, 12, 34, NULL, NULL, 5, 1),
(177, 12, 34, NULL, 1, 6, 1),
(178, 12, 34, NULL, NULL, 6, 1),
(179, 12, 34, NULL, 1, 7, 1),
(180, 12, 34, NULL, NULL, 7, 1),
(181, 12, 34, NULL, 1, 8, 1),
(182, 12, 34, NULL, NULL, 8, 1),
(183, 12, 34, NULL, 1, 9, 1),
(184, 12, 34, NULL, NULL, 9, 1),
(185, 12, 34, NULL, 1, 10, 1),
(186, 12, 34, NULL, NULL, 10, 1),
(187, 12, 34, NULL, 1, 11, 1),
(188, 12, 34, NULL, NULL, 11, 1),
(189, 12, 34, NULL, 1, 12, 1),
(190, 12, 34, NULL, NULL, 12, 1),
(191, 12, 34, NULL, 1, 13, 1),
(192, 12, 34, NULL, NULL, 13, 1),
(193, 14, 34, NULL, 1, 5, 1),
(194, 14, 34, NULL, NULL, 5, 1),
(195, 14, 34, NULL, 1, 6, 1),
(196, 14, 34, NULL, NULL, 6, 1),
(197, 14, 34, NULL, 1, 7, 1),
(198, 14, 34, NULL, NULL, 7, 1),
(199, 14, 34, NULL, 1, 8, 1),
(200, 14, 34, NULL, NULL, 8, 1),
(201, 14, 34, NULL, 1, 9, 1),
(202, 14, 34, NULL, NULL, 9, 1),
(203, 14, 34, NULL, 1, 10, 1),
(204, 14, 34, NULL, NULL, 10, 1),
(205, 14, 34, NULL, 1, 11, 1),
(206, 14, 34, NULL, NULL, 11, 1),
(207, 14, 34, NULL, 1, 12, 1),
(208, 14, 34, NULL, NULL, 12, 1),
(209, 14, 34, NULL, 1, 13, 1),
(210, 14, 34, NULL, NULL, 13, 1),
(211, 18, 34, NULL, 1, 5, 1),
(212, 18, 34, NULL, NULL, 5, 1),
(213, 18, 34, NULL, 1, 6, 1),
(214, 18, 34, NULL, NULL, 6, 1),
(215, 18, 34, NULL, 1, 7, 1),
(216, 18, 34, NULL, NULL, 7, 1),
(217, 18, 34, NULL, 1, 8, 1),
(218, 18, 34, NULL, NULL, 8, 1),
(219, 18, 34, NULL, 1, 9, 1),
(220, 18, 34, NULL, NULL, 9, 1),
(221, 18, 34, NULL, 1, 10, 1),
(222, 18, 34, NULL, NULL, 10, 1),
(223, 18, 34, NULL, 1, 11, 1),
(224, 18, 34, NULL, NULL, 11, 1),
(225, 18, 34, NULL, 1, 12, 1),
(226, 18, 34, NULL, NULL, 12, 1),
(227, 18, 34, NULL, 1, 13, 1),
(228, 18, 34, NULL, NULL, 13, 1),
(229, 21, 34, NULL, 1, 1, 1),
(230, 21, 34, NULL, NULL, 1, 1),
(231, 21, 34, 'span||core=__curdate__', 1, 3, 1),
(232, 21, 34, NULL, NULL, 3, 1),
(233, 21, 34, 'span||core=__curdate__', 1, 4, 1),
(234, 21, 34, NULL, NULL, 4, 1),
(235, 21, 34, NULL, 1, 5, 1),
(236, 21, 34, NULL, NULL, 5, 1),
(237, 21, 34, NULL, 1, 6, 1),
(238, 21, 34, NULL, NULL, 6, 1),
(239, 21, 34, NULL, 1, 7, 1),
(240, 21, 34, NULL, NULL, 7, 1),
(241, 21, 34, NULL, 1, 8, 1),
(242, 21, 34, NULL, NULL, 8, 1),
(243, 21, 34, NULL, 1, 9, 1),
(244, 21, 34, NULL, NULL, 9, 1),
(245, 21, 34, NULL, 1, 10, 1),
(246, 21, 34, NULL, NULL, 10, 1),
(247, 21, 34, NULL, 1, 11, 1),
(248, 21, 34, NULL, NULL, 11, 1),
(249, 21, 34, NULL, 1, 12, 1),
(250, 21, 34, NULL, NULL, 12, 1),
(251, 21, 34, NULL, 1, 13, 1),
(252, 21, 34, NULL, NULL, 13, 1),
(253, 21, 51, NULL, 1, 1, 1),
(254, 21, 51, NULL, NULL, 1, 1),
(255, 21, 51, 'get_cur_date\r\n\r\ncurdate', 1, 3, 1),
(256, 21, 51, NULL, NULL, 3, 1),
(257, 21, 51, 'get_cur_date\r\n\r\ncurdate', 1, 4, 1),
(258, 21, 51, NULL, NULL, 4, 1),
(259, 21, 51, NULL, 1, 5, 1),
(260, 21, 51, NULL, NULL, 5, 1),
(261, 21, 51, NULL, 1, 6, 1),
(262, 21, 51, NULL, NULL, 6, 1),
(263, 21, 51, NULL, 1, 7, 1),
(264, 21, 51, NULL, NULL, 7, 1),
(265, 21, 51, NULL, 1, 8, 1),
(266, 21, 51, NULL, NULL, 8, 1),
(267, 21, 51, NULL, 1, 9, 1),
(268, 21, 51, NULL, NULL, 9, 1),
(269, 21, 51, NULL, 1, 10, 1),
(270, 21, 51, NULL, NULL, 10, 1),
(271, 21, 51, NULL, 1, 11, 1),
(272, 21, 51, NULL, NULL, 11, 1),
(273, 21, 51, NULL, 1, 12, 1),
(274, 21, 51, NULL, NULL, 12, 1),
(275, 21, 51, NULL, 1, 13, 1),
(276, 21, 51, NULL, NULL, 13, 1),
(277, 13, 51, NULL, 1, 1, 1),
(278, 13, 51, NULL, NULL, 1, 1),
(279, 13, 51, 'get_todo_type_list\r\n\r\nid,name,dval', 1, 3, 1),
(280, 13, 51, NULL, NULL, 3, 1),
(281, 13, 51, NULL, 1, 4, 1),
(282, 13, 51, NULL, NULL, 4, 1),
(283, 13, 51, NULL, 1, 5, 1),
(284, 13, 51, NULL, NULL, 5, 1),
(285, 13, 51, NULL, 1, 6, 1),
(286, 13, 51, NULL, NULL, 6, 1),
(287, 13, 51, NULL, 1, 7, 1),
(288, 13, 51, NULL, NULL, 7, 1),
(289, 13, 51, NULL, 1, 8, 1),
(290, 13, 51, NULL, NULL, 8, 1),
(291, 13, 51, NULL, 1, 9, 1),
(292, 13, 51, NULL, NULL, 9, 1),
(293, 13, 51, NULL, 1, 10, 1),
(294, 13, 51, NULL, NULL, 10, 1),
(295, 13, 51, NULL, 1, 11, 1),
(296, 13, 51, NULL, NULL, 11, 1),
(297, 13, 51, NULL, 1, 12, 1),
(298, 13, 51, NULL, NULL, 12, 1),
(299, 13, 51, NULL, 1, 13, 1),
(300, 13, 51, NULL, NULL, 13, 1),
(301, 15, 51, NULL, 1, 1, 1),
(302, 15, 51, NULL, NULL, 1, 1),
(303, 15, 51, 'get_status_type_list\r\n\r\nid,name,dval', 1, 3, 1),
(304, 15, 51, NULL, NULL, 3, 1),
(305, 15, 51, NULL, 1, 4, 1),
(306, 15, 51, NULL, NULL, 4, 1),
(307, 15, 51, NULL, 1, 5, 1),
(308, 15, 51, NULL, NULL, 5, 1),
(309, 15, 51, NULL, 1, 6, 1),
(310, 15, 51, NULL, NULL, 6, 1),
(311, 15, 51, NULL, 1, 7, 1),
(312, 15, 51, NULL, NULL, 7, 1),
(313, 15, 51, NULL, 1, 8, 1),
(314, 15, 51, NULL, NULL, 8, 1),
(315, 15, 51, NULL, 1, 9, 1),
(316, 15, 51, NULL, NULL, 9, 1),
(317, 15, 51, NULL, 1, 10, 1),
(318, 15, 51, NULL, NULL, 10, 1),
(319, 15, 51, NULL, 1, 11, 1),
(320, 15, 51, NULL, NULL, 11, 1),
(321, 15, 51, NULL, 1, 12, 1),
(322, 15, 51, NULL, NULL, 12, 1),
(323, 15, 51, NULL, 1, 13, 1),
(324, 15, 51, NULL, NULL, 13, 1),
(1003, 32, 51, NULL, 1, 1, 1),
(325, 15, 34, NULL, 1, 5, 1),
(326, 15, 34, NULL, NULL, 5, 1),
(327, 15, 34, NULL, 1, 6, 1),
(328, 15, 34, NULL, NULL, 6, 1),
(329, 15, 34, NULL, 1, 7, 1),
(330, 15, 34, NULL, NULL, 7, 1),
(331, 15, 34, NULL, 1, 8, 1),
(332, 15, 34, NULL, NULL, 8, 1),
(333, 15, 34, NULL, 1, 9, 1),
(334, 15, 34, NULL, NULL, 9, 1),
(335, 15, 34, NULL, 1, 10, 1),
(336, 15, 34, NULL, NULL, 10, 1),
(337, 15, 34, NULL, 1, 11, 1),
(338, 15, 34, NULL, NULL, 11, 1),
(339, 15, 34, NULL, 1, 12, 1),
(340, 15, 34, NULL, NULL, 12, 1),
(341, 15, 34, NULL, 1, 13, 1),
(342, 15, 34, NULL, NULL, 13, 1),
(385, 24, 49, NULL, 1, 1, 1),
(343, 13, 34, NULL, 1, 5, 1),
(344, 13, 34, NULL, NULL, 5, 1),
(345, 13, 34, NULL, 1, 6, 1),
(346, 13, 34, NULL, NULL, 6, 1),
(347, 13, 34, NULL, 1, 7, 1),
(348, 13, 34, NULL, NULL, 7, 1),
(349, 13, 34, NULL, 1, 8, 1),
(350, 13, 34, NULL, NULL, 8, 1),
(351, 13, 34, NULL, 1, 9, 1),
(352, 13, 34, NULL, NULL, 9, 1),
(353, 13, 34, NULL, 1, 10, 1),
(354, 13, 34, NULL, NULL, 10, 1),
(355, 13, 34, NULL, 1, 11, 1),
(356, 13, 34, NULL, NULL, 11, 1),
(357, 13, 34, NULL, 1, 12, 1),
(358, 13, 34, NULL, NULL, 12, 1),
(359, 13, 34, NULL, 1, 13, 1),
(360, 13, 34, NULL, NULL, 13, 1),
(361, 24, 34, NULL, 1, 1, 1),
(362, 24, 34, NULL, NULL, 1, 1),
(363, 24, 34, 'button||name=addnew;\\nclass=btn btn-primary;\\nlabel=Add New;\\nvalue=todo', 1, 3, 1),
(364, 24, 34, NULL, NULL, 3, 1),
(365, 24, 34, 'button||name=addnew;\\nclass=btn btn-primary;\\nlabel=Add New;\\nvalue=diary', 1, 4, 1),
(366, 24, 34, NULL, NULL, 4, 1),
(367, 24, 34, NULL, 1, 5, 1),
(368, 24, 34, NULL, NULL, 5, 1),
(369, 24, 34, NULL, 1, 6, 1),
(370, 24, 34, NULL, NULL, 6, 1),
(371, 24, 34, NULL, 1, 7, 1),
(372, 24, 34, NULL, NULL, 7, 1),
(373, 24, 34, NULL, 1, 8, 1),
(374, 24, 34, NULL, NULL, 8, 1),
(375, 24, 34, NULL, 1, 9, 1),
(376, 24, 34, NULL, NULL, 9, 1),
(377, 24, 34, NULL, 1, 10, 1),
(378, 24, 34, NULL, NULL, 10, 1),
(379, 24, 34, NULL, 1, 11, 1),
(380, 24, 34, NULL, NULL, 11, 1),
(381, 24, 34, NULL, 1, 12, 1),
(382, 24, 34, NULL, NULL, 12, 1),
(383, 24, 34, NULL, 1, 13, 1),
(384, 24, 34, NULL, NULL, 13, 1),
(386, 24, 49, NULL, NULL, 1, 1),
(387, 24, 49, 'addnew', 1, 3, 1),
(388, 24, 49, NULL, NULL, 3, 1),
(389, 24, 49, 'addnew', 1, 4, 1),
(390, 24, 49, NULL, NULL, 4, 1),
(391, 24, 49, NULL, 1, 5, 1),
(392, 24, 49, NULL, NULL, 5, 1),
(393, 24, 49, NULL, 1, 6, 1),
(394, 24, 49, NULL, NULL, 6, 1),
(395, 24, 49, NULL, 1, 7, 1),
(396, 24, 49, NULL, NULL, 7, 1),
(397, 24, 49, NULL, 1, 8, 1),
(398, 24, 49, NULL, NULL, 8, 1),
(399, 24, 49, NULL, 1, 9, 1),
(400, 24, 49, NULL, NULL, 9, 1),
(401, 24, 49, NULL, 1, 10, 1),
(402, 24, 49, NULL, NULL, 10, 1),
(403, 24, 49, NULL, 1, 11, 1),
(404, 24, 49, NULL, NULL, 11, 1),
(405, 24, 49, NULL, 1, 12, 1),
(406, 24, 49, NULL, NULL, 12, 1),
(407, 24, 49, NULL, 1, 13, 1),
(408, 24, 49, NULL, NULL, 13, 1),
(409, 24, 54, NULL, 1, 1, 1),
(410, 24, 54, NULL, NULL, 1, 1),
(411, 24, 54, 'newtodotype,newtodostatus,newentry,newdl,newcd', 1, 3, 1),
(412, 24, 54, NULL, NULL, 3, 1),
(413, 24, 54, 'newentry,newdiarytodo', 1, 4, 1),
(414, 24, 54, NULL, NULL, 4, 1),
(415, 24, 54, NULL, 1, 5, 1),
(416, 24, 54, NULL, NULL, 5, 1),
(417, 24, 54, NULL, 1, 6, 1),
(418, 24, 54, NULL, NULL, 6, 1),
(419, 24, 54, NULL, 1, 7, 1),
(420, 24, 54, NULL, NULL, 7, 1),
(421, 24, 54, NULL, 1, 8, 1),
(422, 24, 54, NULL, NULL, 8, 1),
(423, 24, 54, NULL, 1, 9, 1),
(424, 24, 54, NULL, NULL, 9, 1),
(425, 24, 54, NULL, 1, 10, 1),
(426, 24, 54, NULL, NULL, 10, 1),
(427, 24, 54, NULL, 1, 11, 1),
(428, 24, 54, NULL, NULL, 11, 1),
(429, 24, 54, NULL, 1, 12, 1),
(430, 24, 54, NULL, NULL, 12, 1),
(431, 24, 54, NULL, 1, 13, 1),
(432, 24, 54, NULL, NULL, 13, 1),
(433, 24, 51, NULL, 1, 1, 1),
(434, 24, 51, NULL, NULL, 1, 1),
(435, 24, 51, 'new_todo_entry', 1, 3, 1),
(436, 24, 51, NULL, NULL, 3, 1),
(437, 24, 51, 'new_diary_entry', 1, 4, 1),
(438, 24, 51, NULL, NULL, 4, 1),
(439, 24, 51, NULL, 1, 5, 1),
(440, 24, 51, NULL, NULL, 5, 1),
(441, 24, 51, NULL, 1, 6, 1),
(442, 24, 51, NULL, NULL, 6, 1),
(443, 24, 51, NULL, 1, 7, 1),
(444, 24, 51, NULL, NULL, 7, 1),
(445, 24, 51, NULL, 1, 8, 1),
(446, 24, 51, NULL, NULL, 8, 1),
(447, 24, 51, NULL, 1, 9, 1),
(448, 24, 51, NULL, NULL, 9, 1),
(449, 24, 51, NULL, 1, 10, 1),
(450, 24, 51, NULL, NULL, 10, 1),
(451, 24, 51, NULL, 1, 11, 1),
(452, 24, 51, NULL, NULL, 11, 1),
(453, 24, 51, NULL, 1, 12, 1),
(454, 24, 51, NULL, NULL, 12, 1),
(455, 24, 51, NULL, 1, 13, 1),
(456, 24, 51, NULL, NULL, 13, 1),
(457, 20, 51, NULL, 1, 1, 1),
(458, 20, 51, NULL, NULL, 1, 1),
(459, 20, 51, 'get_cur_todo_list', 1, 3, 1),
(460, 20, 51, NULL, NULL, 3, 1),
(461, 20, 51, 'get_cur_diary_list', 1, 4, 1),
(462, 20, 51, NULL, NULL, 4, 1),
(463, 20, 51, NULL, 1, 5, 1),
(464, 20, 51, NULL, NULL, 5, 1),
(465, 20, 51, NULL, 1, 6, 1),
(466, 20, 51, NULL, NULL, 6, 1),
(467, 20, 51, NULL, 1, 7, 1),
(468, 20, 51, NULL, NULL, 7, 1),
(469, 20, 51, NULL, 1, 8, 1),
(470, 20, 51, NULL, NULL, 8, 1),
(471, 20, 51, NULL, 1, 9, 1),
(472, 20, 51, NULL, NULL, 9, 1),
(473, 20, 51, NULL, 1, 10, 1),
(474, 20, 51, NULL, NULL, 10, 1),
(475, 20, 51, NULL, 1, 11, 1),
(476, 20, 51, NULL, NULL, 11, 1),
(477, 20, 51, NULL, 1, 12, 1),
(478, 20, 51, NULL, NULL, 12, 1),
(479, 20, 51, NULL, 1, 13, 1),
(480, 20, 51, NULL, NULL, 13, 1),
(481, 26, 34, NULL, 1, 1, 1),
(482, 26, 34, NULL, NULL, 1, 1),
(483, 26, 34, NULL, 1, 3, 1),
(484, 26, 34, NULL, NULL, 3, 1),
(485, 26, 34, NULL, 1, 4, 1),
(486, 26, 34, NULL, NULL, 4, 1),
(487, 26, 34, 'div||class=col-md-12;\\ndata-core=1,orid,lc1,csv', 1, 5, 1),
(488, 26, 34, NULL, NULL, 5, 1),
(489, 26, 34, 'div||class=col-md-12;\\ndata-core=1,orid,lc2,csv', 1, 6, 1),
(490, 26, 34, NULL, NULL, 6, 1),
(491, 26, 34, 'div||class=col-md-12;\\ndata-core=1,orid,lc3,csv', 1, 7, 1),
(492, 26, 34, NULL, NULL, 7, 1),
(493, 26, 34, 'div||class=col-md-12;\\ndata-core=1,orid,lc4,csv', 1, 8, 1),
(494, 26, 34, NULL, NULL, 8, 1),
(495, 26, 34, 'div||class=col-md-12;\\ndata-core=1,orid,lc5,csv', 1, 9, 1),
(496, 26, 34, NULL, NULL, 9, 1),
(497, 26, 34, 'div||class=col-md-12;\\ndata-core=1,orid,lc6,csv', 1, 10, 1),
(498, 26, 34, NULL, NULL, 10, 1),
(499, 26, 34, 'div||class=col-md-12;\\ndata-core=1,orid,rc1,csv', 1, 11, 1),
(500, 26, 34, NULL, NULL, 11, 1),
(501, 26, 34, 'div||class=col-md-12;\\ndata-core=1,orid,rc2,csv', 1, 12, 1),
(502, 26, 34, NULL, NULL, 12, 1),
(503, 26, 34, 'div||class=col-md-12;\\ndata-core=1,orid,rc3,csv', 1, 13, 1),
(504, 26, 34, NULL, NULL, 13, 1),
(505, 22, 34, 'div||class=col-md-12;\\ndata-core=1,rid,lc1o,csv', 1, 14, 1),
(506, 22, 34, NULL, NULL, 14, 1),
(507, 22, 34, 'div||class=col-md-12;\\ndata-core=1,rid,lc2o,csv', 1, 15, 1),
(508, 22, 34, NULL, NULL, 15, 1),
(509, 22, 34, 'div||class=col-md-3;\\ndata-core=1,rid,lc3o,csv', 1, 16, 1),
(510, 22, 34, NULL, NULL, 16, 1),
(511, 22, 34, 'div||class=col-md-3;\\ndata-core=1,rid,lc4o,csv', 1, 17, 1),
(512, 22, 34, NULL, NULL, 17, 1),
(513, 22, 34, 'div||class=col-md-3;\\ndata-core=1,rid,lc5o,csv', 1, 18, 1),
(514, 22, 34, NULL, NULL, 18, 1),
(515, 22, 34, 'div||class=col-md-3;\\ndata-core=1,rid,lc6o,csv', 1, 19, 1),
(516, 22, 34, NULL, NULL, 19, 1),
(517, 22, 34, 'div||class=col-md-12;\\ndata-core=1,rid,rc1o,csv', 1, 20, 1),
(518, 22, 34, NULL, NULL, 20, 1),
(519, 22, 34, 'div||class=col-md-12;\\ndata-core=1,rid,rc2o,csv', 1, 21, 1),
(520, 22, 34, NULL, NULL, 21, 1),
(521, 22, 34, 'div||class=col-md-12;\\ndata-core=1,rid,rc3o,csv', 1, 22, 1),
(522, 22, 34, NULL, NULL, 22, 1),
(523, 23, 34, 'div||class=form-group;\\ndata-internal-only=true;\\ndata-core=1,olddate,todo,csv', 1, 14, 1),
(524, 23, 34, NULL, NULL, 14, 1),
(525, 23, 34, 'div||class=form-group;\\ndata-internal-only=true;\\ndata-core=1,oldentry,todo,csv', 1, 15, 1),
(526, 23, 34, NULL, NULL, 15, 1),
(527, 23, 34, 'div||class=dbox w-100 d-flex align-items-start;\\ndata-internal-only=true;\\ndata-core=1,oldtypesel,todo,csv', 1, 16, 1),
(528, 23, 34, NULL, NULL, 16, 1),
(529, 23, 34, 'div||class=dbox w-100 d-flex align-items-start;\\ndata-internal-only=true;\\ndata-core=1,oldstatussel,todo,csv', 1, 17, 1),
(530, 23, 34, NULL, NULL, 17, 1),
(531, 23, 34, 'div||class=dbox w-100 d-flex align-items-start;\\ndata-internal-only=true;\\ndata-core=1,olddl,todo,csv', 1, 18, 1),
(532, 23, 34, NULL, NULL, 18, 1),
(533, 23, 34, 'div||class=dbox w-100 d-flex align-items-start;\\ndata-internal-only=true;\\ndata-core=1,oldcd,todo,csv', 1, 19, 1),
(534, 23, 34, NULL, NULL, 19, 1),
(535, 23, 34, 'div||class=form-group;\\ndata-internal-only=true;\\ndata-core=1,olddate,diary,csv', 1, 20, 1),
(536, 23, 34, NULL, NULL, 20, 1),
(537, 23, 34, 'div||class=form-group;\\ndata-internal-only=true;\\ndata-core=1,oldentry,diary,csv', 1, 21, 1),
(538, 23, 34, NULL, NULL, 21, 1),
(539, 23, 34, 'div||class=dbox w-100 d-flex align-items-start;\\ndata-internal-only=true;\\ndata-core=1,oldtodosel,diary,csv', 1, 22, 1),
(540, 23, 34, NULL, NULL, 22, 1),
(541, 37, 34, NULL, 1, 1, 1),
(542, 37, 34, NULL, NULL, 1, 1),
(543, 37, 34, 'span||core=__crn__', 1, 3, 1),
(544, 37, 34, NULL, NULL, 3, 1),
(545, 37, 34, 'span||core=__crn__', 1, 4, 1),
(546, 37, 34, NULL, NULL, 4, 1),
(547, 37, 34, NULL, 1, 14, 1),
(548, 37, 34, NULL, NULL, 14, 1),
(549, 37, 34, NULL, 1, 5, 1),
(550, 37, 34, NULL, NULL, 5, 1),
(551, 37, 34, NULL, 1, 15, 1),
(552, 37, 34, NULL, NULL, 15, 1),
(553, 37, 34, NULL, 1, 6, 1),
(554, 37, 34, NULL, NULL, 6, 1),
(555, 37, 34, NULL, 1, 16, 1),
(556, 37, 34, NULL, NULL, 16, 1),
(557, 37, 34, NULL, 1, 7, 1),
(558, 37, 34, NULL, NULL, 7, 1),
(559, 37, 34, NULL, 1, 17, 1),
(560, 37, 34, NULL, NULL, 17, 1),
(561, 37, 34, NULL, 1, 8, 1),
(562, 37, 34, NULL, NULL, 8, 1),
(563, 37, 34, NULL, 1, 18, 1),
(564, 37, 34, NULL, NULL, 18, 1),
(565, 37, 34, NULL, 1, 9, 1),
(566, 37, 34, NULL, NULL, 9, 1),
(567, 37, 34, NULL, 1, 19, 1),
(568, 37, 34, NULL, NULL, 19, 1),
(569, 37, 34, NULL, 1, 10, 1),
(570, 37, 34, NULL, NULL, 10, 1),
(571, 37, 34, NULL, 1, 20, 1),
(572, 37, 34, NULL, NULL, 20, 1),
(573, 37, 34, NULL, 1, 11, 1),
(574, 37, 34, NULL, NULL, 11, 1),
(575, 37, 34, NULL, 1, 21, 1),
(576, 37, 34, NULL, NULL, 21, 1),
(577, 37, 34, NULL, 1, 12, 1),
(578, 37, 34, NULL, NULL, 12, 1),
(579, 37, 34, NULL, 1, 22, 1),
(580, 37, 34, NULL, NULL, 22, 1),
(581, 37, 34, NULL, 1, 13, 1),
(582, 37, 34, NULL, NULL, 13, 1),
(583, 28, 34, NULL, 1, 1, 1),
(584, 28, 34, NULL, NULL, 1, 1),
(585, 28, 34, 'textarea||name=oldentry[__note_id__];\\nid=oldtodoentry__note_id__;\\nclass=form-control;\\ncols=30;\\nrows=1;\\nvalue=__note__', 1, 3, 1),
(586, 28, 34, NULL, NULL, 3, 1),
(587, 28, 34, 'textarea||name=oldentry[__note_id__];\\nid=olddiaryentry__note_id__;\\nclass=form-control;\\ncols=30;\\nrows=1;\\nvalue=__note__', 1, 4, 1),
(588, 28, 34, NULL, NULL, 4, 1),
(589, 28, 34, NULL, 1, 14, 1),
(590, 28, 34, NULL, NULL, 14, 1),
(591, 28, 34, NULL, 1, 5, 1),
(592, 28, 34, NULL, NULL, 5, 1),
(593, 28, 34, NULL, 1, 15, 1),
(594, 28, 34, NULL, NULL, 15, 1),
(595, 28, 34, NULL, 1, 6, 1),
(596, 28, 34, NULL, NULL, 6, 1),
(597, 28, 34, NULL, 1, 16, 1),
(598, 28, 34, NULL, NULL, 16, 1),
(599, 28, 34, NULL, 1, 7, 1),
(600, 28, 34, NULL, NULL, 7, 1),
(601, 28, 34, NULL, 1, 17, 1),
(602, 28, 34, NULL, NULL, 17, 1),
(603, 28, 34, NULL, 1, 8, 1),
(604, 28, 34, NULL, NULL, 8, 1),
(605, 28, 34, NULL, 1, 18, 1),
(606, 28, 34, NULL, NULL, 18, 1),
(607, 28, 34, NULL, 1, 9, 1),
(608, 28, 34, NULL, NULL, 9, 1),
(609, 28, 34, NULL, 1, 19, 1),
(610, 28, 34, NULL, NULL, 19, 1),
(611, 28, 34, NULL, 1, 10, 1),
(612, 28, 34, NULL, NULL, 10, 1),
(613, 28, 34, NULL, 1, 20, 1),
(614, 28, 34, NULL, NULL, 20, 1),
(615, 28, 34, NULL, 1, 11, 1),
(616, 28, 34, NULL, NULL, 11, 1),
(617, 28, 34, NULL, 1, 21, 1),
(618, 28, 34, NULL, NULL, 21, 1),
(619, 28, 34, NULL, 1, 12, 1),
(620, 28, 34, NULL, NULL, 12, 1),
(621, 28, 34, NULL, 1, 22, 1),
(622, 28, 34, NULL, NULL, 22, 1),
(623, 28, 34, NULL, 1, 13, 1),
(624, 28, 34, NULL, NULL, 13, 1),
(625, 27, 34, NULL, 1, 1, 1),
(626, 27, 34, NULL, NULL, 1, 1),
(627, 27, 34, 'button||name=updold;\\nclass=btn btn-primary;\\nlabel=Update Entries;\\nvalue=todo', 1, 3, 1),
(628, 27, 34, NULL, NULL, 3, 1),
(629, 27, 34, 'button||name=updold;\\nclass=btn btn-primary;\\nlabel=Update Entries;\\nvalue=diary', 1, 4, 1),
(630, 27, 34, NULL, NULL, 4, 1),
(631, 27, 34, NULL, 1, 14, 1),
(632, 27, 34, NULL, NULL, 14, 1),
(633, 27, 34, NULL, 1, 5, 1),
(634, 27, 34, NULL, NULL, 5, 1),
(635, 27, 34, NULL, 1, 15, 1),
(636, 27, 34, NULL, NULL, 15, 1),
(637, 27, 34, NULL, 1, 6, 1),
(638, 27, 34, NULL, NULL, 6, 1),
(639, 27, 34, NULL, 1, 16, 1),
(640, 27, 34, NULL, NULL, 16, 1),
(641, 27, 34, NULL, 1, 7, 1),
(642, 27, 34, NULL, NULL, 7, 1),
(643, 27, 34, NULL, 1, 17, 1),
(644, 27, 34, NULL, NULL, 17, 1),
(645, 27, 34, NULL, 1, 8, 1),
(646, 27, 34, NULL, NULL, 8, 1),
(647, 27, 34, NULL, 1, 18, 1),
(648, 27, 34, NULL, NULL, 18, 1),
(649, 27, 34, NULL, 1, 9, 1),
(650, 27, 34, NULL, NULL, 9, 1),
(651, 27, 34, NULL, 1, 19, 1),
(652, 27, 34, NULL, NULL, 19, 1),
(653, 27, 34, NULL, 1, 10, 1),
(654, 27, 34, NULL, NULL, 10, 1),
(655, 27, 34, NULL, 1, 20, 1),
(656, 27, 34, NULL, NULL, 20, 1),
(657, 27, 34, NULL, 1, 11, 1),
(658, 27, 34, NULL, NULL, 11, 1),
(659, 27, 34, NULL, 1, 21, 1),
(660, 27, 34, NULL, NULL, 21, 1),
(661, 27, 34, NULL, 1, 12, 1),
(662, 27, 34, NULL, NULL, 12, 1),
(663, 27, 34, NULL, 1, 22, 1),
(664, 27, 34, NULL, NULL, 22, 1),
(665, 27, 34, NULL, 1, 13, 1),
(666, 27, 34, NULL, NULL, 13, 1),
(667, 27, 49, NULL, 1, 1, 1),
(668, 27, 49, NULL, NULL, 1, 1),
(669, 27, 49, 'updold', 1, 3, 1),
(670, 27, 49, NULL, NULL, 3, 1),
(671, 27, 49, 'updold', 1, 4, 1),
(672, 27, 49, NULL, NULL, 4, 1),
(673, 27, 49, NULL, 1, 14, 1),
(674, 27, 49, NULL, NULL, 14, 1),
(675, 27, 49, NULL, 1, 5, 1),
(676, 27, 49, NULL, NULL, 5, 1),
(677, 27, 49, NULL, 1, 15, 1),
(678, 27, 49, NULL, NULL, 15, 1),
(679, 27, 49, NULL, 1, 6, 1),
(680, 27, 49, NULL, NULL, 6, 1),
(681, 27, 49, NULL, 1, 16, 1),
(682, 27, 49, NULL, NULL, 16, 1),
(683, 27, 49, NULL, 1, 7, 1),
(684, 27, 49, NULL, NULL, 7, 1),
(685, 27, 49, NULL, 1, 17, 1),
(686, 27, 49, NULL, NULL, 17, 1),
(687, 27, 49, NULL, 1, 8, 1),
(688, 27, 49, NULL, NULL, 8, 1),
(689, 27, 49, NULL, 1, 18, 1),
(690, 27, 49, NULL, NULL, 18, 1),
(691, 27, 49, NULL, 1, 9, 1),
(692, 27, 49, NULL, NULL, 9, 1),
(693, 27, 49, NULL, 1, 19, 1),
(694, 27, 49, NULL, NULL, 19, 1),
(695, 27, 49, NULL, 1, 10, 1),
(696, 27, 49, NULL, NULL, 10, 1),
(697, 27, 49, NULL, 1, 20, 1),
(698, 27, 49, NULL, NULL, 20, 1),
(699, 27, 49, NULL, 1, 11, 1),
(700, 27, 49, NULL, NULL, 11, 1),
(701, 27, 49, NULL, 1, 21, 1),
(702, 27, 49, NULL, NULL, 21, 1),
(703, 27, 49, NULL, 1, 12, 1),
(704, 27, 49, NULL, NULL, 12, 1),
(705, 27, 49, NULL, 1, 22, 1),
(706, 27, 49, NULL, NULL, 22, 1),
(707, 27, 49, NULL, 1, 13, 1),
(708, 27, 49, NULL, NULL, 13, 1),
(709, 27, 54, NULL, 1, 1, 1),
(710, 27, 54, NULL, NULL, 1, 1),
(711, 27, 54, 'oldtodotype,oldtodostatus,oldentry,olddl,oldcd', 1, 3, 1),
(712, 27, 54, NULL, NULL, 3, 1),
(713, 27, 54, 'oldentry,olddiarytodo', 1, 4, 1),
(714, 27, 54, NULL, NULL, 4, 1),
(715, 27, 54, NULL, 1, 14, 1),
(716, 27, 54, NULL, NULL, 14, 1),
(717, 27, 54, NULL, 1, 5, 1),
(718, 27, 54, NULL, NULL, 5, 1),
(719, 27, 54, NULL, 1, 15, 1),
(720, 27, 54, NULL, NULL, 15, 1),
(721, 27, 54, NULL, 1, 6, 1),
(722, 27, 54, NULL, NULL, 6, 1),
(723, 27, 54, NULL, 1, 16, 1),
(724, 27, 54, NULL, NULL, 16, 1),
(725, 27, 54, NULL, 1, 7, 1),
(726, 27, 54, NULL, NULL, 7, 1),
(727, 27, 54, NULL, 1, 17, 1),
(728, 27, 54, NULL, NULL, 17, 1),
(729, 27, 54, NULL, 1, 8, 1),
(730, 27, 54, NULL, NULL, 8, 1),
(731, 27, 54, NULL, 1, 18, 1),
(732, 27, 54, NULL, NULL, 18, 1),
(733, 27, 54, NULL, 1, 9, 1),
(734, 27, 54, NULL, NULL, 9, 1),
(735, 27, 54, NULL, 1, 19, 1),
(736, 27, 54, NULL, NULL, 19, 1),
(737, 27, 54, NULL, 1, 10, 1),
(738, 27, 54, NULL, NULL, 10, 1),
(739, 27, 54, NULL, 1, 20, 1),
(740, 27, 54, NULL, NULL, 20, 1),
(741, 27, 54, NULL, 1, 11, 1),
(742, 27, 54, NULL, NULL, 11, 1),
(743, 27, 54, NULL, 1, 21, 1),
(744, 27, 54, NULL, NULL, 21, 1),
(745, 27, 54, NULL, 1, 12, 1),
(746, 27, 54, NULL, NULL, 12, 1),
(747, 27, 54, NULL, 1, 22, 1),
(748, 27, 54, NULL, NULL, 22, 1),
(749, 27, 54, NULL, 1, 13, 1),
(750, 27, 54, NULL, NULL, 13, 1),
(751, 27, 51, NULL, 1, 1, 1),
(752, 27, 51, NULL, NULL, 1, 1),
(753, 27, 51, 'upd_todo_entries', 1, 3, 1),
(754, 27, 51, NULL, NULL, 3, 1),
(755, 27, 51, 'upd_diary_entries', 1, 4, 1),
(756, 27, 51, NULL, NULL, 4, 1),
(757, 27, 51, NULL, 1, 14, 1),
(758, 27, 51, NULL, NULL, 14, 1),
(759, 27, 51, NULL, 1, 5, 1),
(760, 27, 51, NULL, NULL, 5, 1),
(761, 27, 51, NULL, 1, 15, 1),
(762, 27, 51, NULL, NULL, 15, 1),
(763, 27, 51, NULL, 1, 6, 1),
(764, 27, 51, NULL, NULL, 6, 1),
(765, 27, 51, NULL, 1, 16, 1),
(766, 27, 51, NULL, NULL, 16, 1),
(767, 27, 51, NULL, 1, 7, 1),
(768, 27, 51, NULL, NULL, 7, 1),
(769, 27, 51, NULL, 1, 17, 1),
(770, 27, 51, NULL, NULL, 17, 1),
(771, 27, 51, NULL, 1, 8, 1),
(772, 27, 51, NULL, NULL, 8, 1),
(773, 27, 51, NULL, 1, 18, 1),
(774, 27, 51, NULL, NULL, 18, 1),
(775, 27, 51, NULL, 1, 9, 1),
(776, 27, 51, NULL, NULL, 9, 1),
(777, 27, 51, NULL, 1, 19, 1),
(778, 27, 51, NULL, NULL, 19, 1),
(779, 27, 51, NULL, 1, 10, 1),
(780, 27, 51, NULL, NULL, 10, 1),
(781, 27, 51, NULL, 1, 20, 1),
(782, 27, 51, NULL, NULL, 20, 1),
(783, 27, 51, NULL, 1, 11, 1),
(784, 27, 51, NULL, NULL, 11, 1),
(785, 27, 51, NULL, 1, 21, 1),
(786, 27, 51, NULL, NULL, 21, 1),
(787, 27, 51, NULL, 1, 12, 1),
(788, 27, 51, NULL, NULL, 12, 1),
(789, 27, 51, NULL, 1, 22, 1),
(790, 27, 51, NULL, NULL, 22, 1),
(791, 27, 51, NULL, 1, 13, 1),
(792, 27, 51, NULL, NULL, 13, 1),
(793, 29, 34, NULL, 1, 1, 1),
(794, 29, 34, NULL, NULL, 1, 1),
(795, 29, 34, 'select||name=oldtodotype[__note_id__];\\nclass=form-control;\\ndata-core=1,oldtypeopt,todo,csv;\\nfore=<p><span>Type:</span>;\\naft=</p>;\\ndata-wrapper=div!!class=text', 1, 3, 1),
(796, 29, 34, NULL, NULL, 3, 1),
(797, 29, 34, NULL, 1, 4, 1),
(798, 29, 34, NULL, NULL, 4, 1),
(799, 29, 34, NULL, 1, 14, 1),
(800, 29, 34, NULL, NULL, 14, 1),
(801, 29, 34, NULL, 1, 5, 1),
(802, 29, 34, NULL, NULL, 5, 1),
(803, 29, 34, NULL, 1, 15, 1),
(804, 29, 34, NULL, NULL, 15, 1),
(805, 29, 34, NULL, 1, 6, 1),
(806, 29, 34, NULL, NULL, 6, 1),
(807, 29, 34, NULL, 1, 16, 1),
(808, 29, 34, NULL, NULL, 16, 1),
(809, 29, 34, NULL, 1, 7, 1),
(810, 29, 34, NULL, NULL, 7, 1),
(811, 29, 34, NULL, 1, 17, 1),
(812, 29, 34, NULL, NULL, 17, 1),
(813, 29, 34, NULL, 1, 8, 1),
(814, 29, 34, NULL, NULL, 8, 1),
(815, 29, 34, NULL, 1, 18, 1),
(816, 29, 34, NULL, NULL, 18, 1),
(817, 29, 34, NULL, 1, 9, 1),
(818, 29, 34, NULL, NULL, 9, 1),
(819, 29, 34, NULL, 1, 19, 1),
(820, 29, 34, NULL, NULL, 19, 1),
(821, 29, 34, NULL, 1, 10, 1),
(822, 29, 34, NULL, NULL, 10, 1),
(823, 29, 34, NULL, 1, 20, 1),
(824, 29, 34, NULL, NULL, 20, 1),
(825, 29, 34, NULL, 1, 11, 1),
(826, 29, 34, NULL, NULL, 11, 1),
(827, 29, 34, NULL, 1, 21, 1),
(828, 29, 34, NULL, NULL, 21, 1),
(829, 29, 34, NULL, 1, 12, 1),
(830, 29, 34, NULL, NULL, 12, 1),
(831, 29, 34, NULL, 1, 22, 1),
(832, 29, 34, NULL, NULL, 22, 1),
(833, 29, 34, NULL, 1, 13, 1),
(834, 29, 34, NULL, NULL, 13, 1),
(835, 30, 34, NULL, 1, 1, 1),
(836, 30, 34, NULL, NULL, 1, 1),
(837, 30, 34, 'option||value=__id__;\\ntval=__type_id__;\\ncore=__name__;\\ncorefore= ;\\ndata-internal-only=true', 1, 3, 1),
(838, 30, 34, NULL, NULL, 3, 1),
(839, 30, 34, NULL, 1, 4, 1),
(840, 30, 34, NULL, NULL, 4, 1),
(841, 30, 34, NULL, 1, 14, 1),
(842, 30, 34, NULL, NULL, 14, 1),
(843, 30, 34, NULL, 1, 5, 1),
(844, 30, 34, NULL, NULL, 5, 1),
(845, 30, 34, NULL, 1, 15, 1),
(846, 30, 34, NULL, NULL, 15, 1),
(847, 30, 34, NULL, 1, 6, 1),
(848, 30, 34, NULL, NULL, 6, 1),
(849, 30, 34, NULL, 1, 16, 1),
(850, 30, 34, NULL, NULL, 16, 1),
(851, 30, 34, NULL, 1, 7, 1),
(852, 30, 34, NULL, NULL, 7, 1),
(853, 30, 34, NULL, 1, 17, 1),
(854, 30, 34, NULL, NULL, 17, 1),
(855, 30, 34, NULL, 1, 8, 1),
(856, 30, 34, NULL, NULL, 8, 1),
(857, 30, 34, NULL, 1, 18, 1),
(858, 30, 34, NULL, NULL, 18, 1),
(859, 30, 34, NULL, 1, 9, 1),
(860, 30, 34, NULL, NULL, 9, 1),
(861, 30, 34, NULL, 1, 19, 1),
(862, 30, 34, NULL, NULL, 19, 1),
(863, 30, 34, NULL, 1, 10, 1),
(864, 30, 34, NULL, NULL, 10, 1),
(865, 30, 34, NULL, 1, 20, 1),
(866, 30, 34, NULL, NULL, 20, 1),
(867, 30, 34, NULL, 1, 11, 1),
(868, 30, 34, NULL, NULL, 11, 1),
(869, 30, 34, NULL, 1, 21, 1),
(870, 30, 34, NULL, NULL, 21, 1),
(871, 30, 34, NULL, 1, 12, 1),
(872, 30, 34, NULL, NULL, 12, 1),
(873, 30, 34, NULL, 1, 22, 1),
(874, 30, 34, NULL, NULL, 22, 1),
(875, 30, 34, NULL, 1, 13, 1),
(876, 30, 34, NULL, NULL, 13, 1),
(877, 30, 51, NULL, 1, 1, 1),
(878, 30, 51, NULL, NULL, 1, 1),
(879, 30, 51, 'get_todo_type_list\r\n\r\nid,name,dval', 1, 3, 1),
(880, 30, 51, NULL, NULL, 3, 1),
(881, 30, 51, NULL, 1, 4, 1),
(882, 30, 51, NULL, NULL, 4, 1),
(883, 30, 51, NULL, 1, 14, 1),
(884, 30, 51, NULL, NULL, 14, 1),
(885, 30, 51, NULL, 1, 5, 1),
(886, 30, 51, NULL, NULL, 5, 1),
(887, 30, 51, NULL, 1, 15, 1),
(888, 30, 51, NULL, NULL, 15, 1),
(889, 30, 51, NULL, 1, 6, 1),
(890, 30, 51, NULL, NULL, 6, 1),
(891, 30, 51, NULL, 1, 16, 1),
(892, 30, 51, NULL, NULL, 16, 1),
(893, 30, 51, NULL, 1, 7, 1),
(894, 30, 51, NULL, NULL, 7, 1),
(895, 30, 51, NULL, 1, 17, 1),
(896, 30, 51, NULL, NULL, 17, 1),
(897, 30, 51, NULL, 1, 8, 1),
(898, 30, 51, NULL, NULL, 8, 1),
(899, 30, 51, NULL, 1, 18, 1),
(900, 30, 51, NULL, NULL, 18, 1),
(901, 30, 51, NULL, 1, 9, 1),
(902, 30, 51, NULL, NULL, 9, 1),
(903, 30, 51, NULL, 1, 19, 1),
(904, 30, 51, NULL, NULL, 19, 1),
(905, 30, 51, NULL, 1, 10, 1),
(906, 30, 51, NULL, NULL, 10, 1),
(907, 30, 51, NULL, 1, 20, 1),
(908, 30, 51, NULL, NULL, 20, 1),
(909, 30, 51, NULL, 1, 11, 1),
(910, 30, 51, NULL, NULL, 11, 1),
(911, 30, 51, NULL, 1, 21, 1),
(912, 30, 51, NULL, NULL, 21, 1),
(913, 30, 51, NULL, 1, 12, 1),
(914, 30, 51, NULL, NULL, 12, 1),
(915, 30, 51, NULL, 1, 22, 1),
(916, 30, 51, NULL, NULL, 22, 1),
(917, 30, 51, NULL, 1, 13, 1),
(918, 30, 51, NULL, NULL, 13, 1),
(919, 31, 34, NULL, 1, 1, 1),
(920, 31, 34, NULL, NULL, 1, 1),
(921, 31, 34, 'select||name=oldtodostatus[__note_id__];\\nclass=form-control;\\ndata-core=1,oldstatusopt,todo,csv;\\nfore=<p><span>Status:</span>;\\naft=</p>;\\ndata-wrapper=div!!class=text', 1, 3, 1),
(922, 31, 34, NULL, NULL, 3, 1),
(923, 31, 34, NULL, 1, 4, 1),
(924, 31, 34, NULL, NULL, 4, 1),
(925, 31, 34, NULL, 1, 14, 1),
(926, 31, 34, NULL, NULL, 14, 1),
(927, 31, 34, NULL, 1, 5, 1),
(928, 31, 34, NULL, NULL, 5, 1),
(929, 31, 34, NULL, 1, 15, 1),
(930, 31, 34, NULL, NULL, 15, 1),
(931, 31, 34, NULL, 1, 6, 1),
(932, 31, 34, NULL, NULL, 6, 1),
(933, 31, 34, NULL, 1, 16, 1),
(934, 31, 34, NULL, NULL, 16, 1),
(935, 31, 34, NULL, 1, 7, 1),
(936, 31, 34, NULL, NULL, 7, 1),
(937, 31, 34, NULL, 1, 17, 1),
(938, 31, 34, NULL, NULL, 17, 1),
(939, 31, 34, NULL, 1, 8, 1),
(940, 31, 34, NULL, NULL, 8, 1),
(941, 31, 34, NULL, 1, 18, 1),
(942, 31, 34, NULL, NULL, 18, 1),
(943, 31, 34, NULL, 1, 9, 1),
(944, 31, 34, NULL, NULL, 9, 1),
(945, 31, 34, NULL, 1, 19, 1),
(946, 31, 34, NULL, NULL, 19, 1),
(947, 31, 34, NULL, 1, 10, 1),
(948, 31, 34, NULL, NULL, 10, 1),
(949, 31, 34, NULL, 1, 20, 1),
(950, 31, 34, NULL, NULL, 20, 1),
(951, 31, 34, NULL, 1, 11, 1),
(952, 31, 34, NULL, NULL, 11, 1),
(953, 31, 34, NULL, 1, 21, 1),
(954, 31, 34, NULL, NULL, 21, 1),
(955, 31, 34, NULL, 1, 12, 1),
(956, 31, 34, NULL, NULL, 12, 1),
(957, 31, 34, NULL, 1, 22, 1),
(958, 31, 34, NULL, NULL, 22, 1),
(959, 31, 34, NULL, 1, 13, 1),
(960, 31, 34, NULL, NULL, 13, 1),
(961, 32, 34, NULL, 1, 1, 1),
(962, 32, 34, NULL, NULL, 1, 1),
(963, 32, 34, 'option||value=__id__;\\n;\\ntval=__status_type_id__;\\ncore=__name__;\\ncorefore=&nbsp;;\\ndata-internal-only=true', 1, 3, 1),
(964, 32, 34, NULL, NULL, 3, 1),
(965, 32, 34, NULL, 1, 4, 1),
(966, 32, 34, NULL, NULL, 4, 1),
(967, 32, 34, NULL, 1, 14, 1),
(968, 32, 34, NULL, NULL, 14, 1),
(969, 32, 34, NULL, 1, 5, 1),
(970, 32, 34, NULL, NULL, 5, 1),
(971, 32, 34, NULL, 1, 15, 1),
(972, 32, 34, NULL, NULL, 15, 1),
(973, 32, 34, NULL, 1, 6, 1),
(974, 32, 34, NULL, NULL, 6, 1),
(975, 32, 34, NULL, 1, 16, 1),
(976, 32, 34, NULL, NULL, 16, 1),
(977, 32, 34, NULL, 1, 7, 1),
(978, 32, 34, NULL, NULL, 7, 1),
(979, 32, 34, NULL, 1, 17, 1),
(980, 32, 34, NULL, NULL, 17, 1),
(981, 32, 34, NULL, 1, 8, 1),
(982, 32, 34, NULL, NULL, 8, 1),
(983, 32, 34, NULL, 1, 18, 1),
(984, 32, 34, NULL, NULL, 18, 1),
(985, 32, 34, NULL, 1, 9, 1),
(986, 32, 34, NULL, NULL, 9, 1),
(987, 32, 34, NULL, 1, 19, 1),
(988, 32, 34, NULL, NULL, 19, 1),
(989, 32, 34, NULL, 1, 10, 1),
(990, 32, 34, NULL, NULL, 10, 1),
(991, 32, 34, NULL, 1, 20, 1),
(992, 32, 34, NULL, NULL, 20, 1),
(993, 32, 34, NULL, 1, 11, 1),
(994, 32, 34, NULL, NULL, 11, 1),
(995, 32, 34, NULL, 1, 21, 1),
(996, 32, 34, NULL, NULL, 21, 1),
(997, 32, 34, NULL, 1, 12, 1),
(998, 32, 34, NULL, NULL, 12, 1),
(999, 32, 34, NULL, 1, 22, 1),
(1000, 32, 34, NULL, NULL, 22, 1),
(1001, 32, 34, NULL, 1, 13, 1),
(1002, 32, 34, NULL, NULL, 13, 1),
(1004, 32, 51, NULL, NULL, 1, 1),
(1005, 32, 51, 'get_status_type_list\r\n\r\nid,name,dval', 1, 3, 1),
(1006, 32, 51, NULL, NULL, 3, 1),
(1007, 32, 51, NULL, 1, 4, 1),
(1008, 32, 51, NULL, NULL, 4, 1),
(1009, 32, 51, NULL, 1, 14, 1),
(1010, 32, 51, NULL, NULL, 14, 1),
(1011, 32, 51, NULL, 1, 5, 1),
(1012, 32, 51, NULL, NULL, 5, 1),
(1013, 32, 51, NULL, 1, 15, 1),
(1014, 32, 51, NULL, NULL, 15, 1),
(1015, 32, 51, NULL, 1, 6, 1),
(1016, 32, 51, NULL, NULL, 6, 1),
(1017, 32, 51, NULL, 1, 16, 1),
(1018, 32, 51, NULL, NULL, 16, 1),
(1019, 32, 51, NULL, 1, 7, 1),
(1020, 32, 51, NULL, NULL, 7, 1),
(1021, 32, 51, NULL, 1, 17, 1),
(1022, 32, 51, NULL, NULL, 17, 1),
(1023, 32, 51, NULL, 1, 8, 1),
(1024, 32, 51, NULL, NULL, 8, 1),
(1025, 32, 51, NULL, 1, 18, 1),
(1026, 32, 51, NULL, NULL, 18, 1),
(1027, 32, 51, NULL, 1, 9, 1),
(1028, 32, 51, NULL, NULL, 9, 1),
(1029, 32, 51, NULL, 1, 19, 1),
(1030, 32, 51, NULL, NULL, 19, 1),
(1031, 32, 51, NULL, 1, 10, 1),
(1032, 32, 51, NULL, NULL, 10, 1),
(1033, 32, 51, NULL, 1, 20, 1),
(1034, 32, 51, NULL, NULL, 20, 1),
(1035, 32, 51, NULL, 1, 11, 1),
(1036, 32, 51, NULL, NULL, 11, 1),
(1037, 32, 51, NULL, 1, 21, 1),
(1038, 32, 51, NULL, NULL, 21, 1),
(1039, 32, 51, NULL, 1, 12, 1),
(1040, 32, 51, NULL, NULL, 12, 1),
(1041, 32, 51, NULL, 1, 22, 1),
(1042, 32, 51, NULL, NULL, 22, 1),
(1043, 32, 51, NULL, 1, 13, 1),
(1044, 32, 51, NULL, NULL, 13, 1),
(1045, 33, 34, NULL, 1, 1, 1),
(1046, 33, 34, NULL, NULL, 1, 1),
(1047, 33, 34, 'date||name=olddl[__note_id__];\\nclass=form-control;\\nfore=<p><span>Deadline (If Any):</span>;\\naft=</p>;\\nvalue=__dl_date__;\\ndata-wrapper=div!!class=text', 1, 3, 1),
(1048, 33, 34, NULL, NULL, 3, 1),
(1049, 33, 34, NULL, 1, 4, 1),
(1050, 33, 34, NULL, NULL, 4, 1),
(1051, 33, 34, NULL, 1, 14, 1),
(1052, 33, 34, NULL, NULL, 14, 1),
(1053, 33, 34, NULL, 1, 5, 1),
(1054, 33, 34, NULL, NULL, 5, 1),
(1055, 33, 34, NULL, 1, 15, 1),
(1056, 33, 34, NULL, NULL, 15, 1),
(1057, 33, 34, NULL, 1, 6, 1),
(1058, 33, 34, NULL, NULL, 6, 1),
(1059, 33, 34, NULL, 1, 16, 1),
(1060, 33, 34, NULL, NULL, 16, 1),
(1061, 33, 34, NULL, 1, 7, 1),
(1062, 33, 34, NULL, NULL, 7, 1),
(1063, 33, 34, NULL, 1, 17, 1),
(1064, 33, 34, NULL, NULL, 17, 1),
(1065, 33, 34, NULL, 1, 8, 1),
(1066, 33, 34, NULL, NULL, 8, 1),
(1067, 33, 34, NULL, 1, 18, 1),
(1068, 33, 34, NULL, NULL, 18, 1),
(1069, 33, 34, NULL, 1, 9, 1),
(1070, 33, 34, NULL, NULL, 9, 1),
(1071, 33, 34, NULL, 1, 19, 1),
(1072, 33, 34, NULL, NULL, 19, 1),
(1073, 33, 34, NULL, 1, 10, 1),
(1074, 33, 34, NULL, NULL, 10, 1),
(1075, 33, 34, NULL, 1, 20, 1),
(1076, 33, 34, NULL, NULL, 20, 1),
(1077, 33, 34, NULL, 1, 11, 1),
(1078, 33, 34, NULL, NULL, 11, 1),
(1079, 33, 34, NULL, 1, 21, 1),
(1080, 33, 34, NULL, NULL, 21, 1),
(1081, 33, 34, NULL, 1, 12, 1),
(1082, 33, 34, NULL, NULL, 12, 1),
(1083, 33, 34, NULL, 1, 22, 1),
(1084, 33, 34, NULL, NULL, 22, 1),
(1085, 33, 34, NULL, 1, 13, 1),
(1086, 33, 34, NULL, NULL, 13, 1),
(1087, 34, 34, NULL, 1, 1, 1),
(1088, 34, 34, NULL, NULL, 1, 1),
(1089, 34, 34, 'date||name=oldcd[__note_id__];\\nclass=form-control;\\nfore=<p><span>Completed:</span>;\\naft=</p>;\\ndata-wrapper=div!!class=text;\\nvalue=__comp_date__', 1, 3, 1),
(1090, 34, 34, NULL, NULL, 3, 1),
(1091, 34, 34, NULL, 1, 4, 1),
(1092, 34, 34, NULL, NULL, 4, 1),
(1093, 34, 34, NULL, 1, 14, 1),
(1094, 34, 34, NULL, NULL, 14, 1),
(1095, 34, 34, NULL, 1, 5, 1),
(1096, 34, 34, NULL, NULL, 5, 1),
(1097, 34, 34, NULL, 1, 15, 1),
(1098, 34, 34, NULL, NULL, 15, 1),
(1099, 34, 34, NULL, 1, 6, 1),
(1100, 34, 34, NULL, NULL, 6, 1),
(1101, 34, 34, NULL, 1, 16, 1),
(1102, 34, 34, NULL, NULL, 16, 1),
(1103, 34, 34, NULL, 1, 7, 1),
(1104, 34, 34, NULL, NULL, 7, 1),
(1105, 34, 34, NULL, 1, 17, 1),
(1106, 34, 34, NULL, NULL, 17, 1),
(1107, 34, 34, NULL, 1, 8, 1),
(1108, 34, 34, NULL, NULL, 8, 1),
(1109, 34, 34, NULL, 1, 18, 1),
(1110, 34, 34, NULL, NULL, 18, 1),
(1111, 34, 34, NULL, 1, 9, 1),
(1112, 34, 34, NULL, NULL, 9, 1),
(1113, 34, 34, NULL, 1, 19, 1),
(1114, 34, 34, NULL, NULL, 19, 1),
(1115, 34, 34, NULL, 1, 10, 1),
(1116, 34, 34, NULL, NULL, 10, 1),
(1117, 34, 34, NULL, 1, 20, 1),
(1118, 34, 34, NULL, NULL, 20, 1),
(1119, 34, 34, NULL, 1, 11, 1),
(1120, 34, 34, NULL, NULL, 11, 1),
(1121, 34, 34, NULL, 1, 21, 1),
(1122, 34, 34, NULL, NULL, 21, 1),
(1123, 34, 34, NULL, 1, 12, 1),
(1124, 34, 34, NULL, NULL, 12, 1),
(1125, 34, 34, NULL, 1, 22, 1),
(1126, 34, 34, NULL, NULL, 22, 1),
(1127, 34, 34, NULL, 1, 13, 1),
(1128, 34, 34, NULL, NULL, 13, 1),
(1129, 19, 34, NULL, 1, 14, 1),
(1130, 19, 34, NULL, NULL, 14, 1),
(1131, 19, 34, NULL, 1, 5, 1),
(1132, 19, 34, NULL, NULL, 5, 1),
(1133, 19, 34, NULL, 1, 15, 1),
(1134, 19, 34, NULL, NULL, 15, 1),
(1135, 19, 34, NULL, 1, 6, 1),
(1136, 19, 34, NULL, NULL, 6, 1),
(1137, 19, 34, NULL, 1, 16, 1),
(1138, 19, 34, NULL, NULL, 16, 1),
(1139, 19, 34, NULL, 1, 7, 1),
(1140, 19, 34, NULL, NULL, 7, 1),
(1141, 19, 34, NULL, 1, 17, 1),
(1142, 19, 34, NULL, NULL, 17, 1),
(1143, 19, 34, NULL, 1, 8, 1),
(1144, 19, 34, NULL, NULL, 8, 1),
(1145, 19, 34, NULL, 1, 18, 1),
(1146, 19, 34, NULL, NULL, 18, 1),
(1147, 19, 34, NULL, 1, 9, 1),
(1148, 19, 34, NULL, NULL, 9, 1),
(1149, 19, 34, NULL, 1, 19, 1),
(1150, 19, 34, NULL, NULL, 19, 1),
(1151, 19, 34, NULL, 1, 10, 1),
(1152, 19, 34, NULL, NULL, 10, 1),
(1153, 19, 34, NULL, 1, 20, 1),
(1154, 19, 34, NULL, NULL, 20, 1),
(1155, 19, 34, NULL, 1, 11, 1),
(1156, 19, 34, NULL, NULL, 11, 1),
(1157, 19, 34, NULL, 1, 21, 1),
(1158, 19, 34, NULL, NULL, 21, 1),
(1159, 19, 34, NULL, 1, 12, 1),
(1160, 19, 34, NULL, NULL, 12, 1),
(1161, 19, 34, NULL, 1, 22, 1),
(1162, 19, 34, NULL, NULL, 22, 1),
(1163, 19, 34, NULL, 1, 13, 1),
(1164, 19, 34, NULL, NULL, 13, 1),
(1165, 19, 51, NULL, 1, 1, 1),
(1166, 19, 51, NULL, NULL, 1, 1),
(1167, 19, 51, NULL, 1, 3, 1),
(1168, 19, 51, NULL, NULL, 3, 1),
(1169, 19, 51, 'get_todo_list_for_new_dropdown\r\n\r\nnote_id,note', 1, 4, 1),
(1170, 19, 51, NULL, NULL, 4, 1),
(1171, 19, 51, NULL, 1, 14, 1),
(1172, 19, 51, NULL, NULL, 14, 1),
(1173, 19, 51, NULL, 1, 5, 1),
(1174, 19, 51, NULL, NULL, 5, 1),
(1175, 19, 51, NULL, 1, 15, 1),
(1176, 19, 51, NULL, NULL, 15, 1),
(1177, 19, 51, NULL, 1, 6, 1),
(1178, 19, 51, NULL, NULL, 6, 1),
(1179, 19, 51, NULL, 1, 16, 1),
(1180, 19, 51, NULL, NULL, 16, 1),
(1181, 19, 51, NULL, 1, 7, 1),
(1182, 19, 51, NULL, NULL, 7, 1),
(1183, 19, 51, NULL, 1, 17, 1),
(1184, 19, 51, NULL, NULL, 17, 1),
(1185, 19, 51, NULL, 1, 8, 1),
(1186, 19, 51, NULL, NULL, 8, 1),
(1187, 19, 51, NULL, 1, 18, 1),
(1188, 19, 51, NULL, NULL, 18, 1),
(1189, 19, 51, NULL, 1, 9, 1),
(1190, 19, 51, NULL, NULL, 9, 1),
(1191, 19, 51, NULL, 1, 19, 1),
(1192, 19, 51, NULL, NULL, 19, 1),
(1193, 19, 51, NULL, 1, 10, 1),
(1194, 19, 51, NULL, NULL, 10, 1),
(1195, 19, 51, NULL, 1, 20, 1),
(1196, 19, 51, NULL, NULL, 20, 1),
(1197, 19, 51, NULL, 1, 11, 1),
(1198, 19, 51, NULL, NULL, 11, 1),
(1199, 19, 51, NULL, 1, 21, 1),
(1200, 19, 51, NULL, NULL, 21, 1),
(1201, 19, 51, NULL, 1, 12, 1),
(1202, 19, 51, NULL, NULL, 12, 1),
(1203, 19, 51, NULL, 1, 22, 1),
(1204, 19, 51, NULL, NULL, 22, 1),
(1205, 19, 51, NULL, 1, 13, 1),
(1206, 19, 51, NULL, NULL, 13, 1),
(1207, 20, 51, NULL, 1, 14, 1),
(1208, 20, 51, NULL, NULL, 14, 1),
(1209, 20, 51, NULL, 1, 15, 1),
(1210, 20, 51, NULL, NULL, 15, 1),
(1211, 20, 51, NULL, 1, 16, 1),
(1212, 20, 51, NULL, NULL, 16, 1),
(1213, 20, 51, NULL, 1, 17, 1),
(1214, 20, 51, NULL, NULL, 17, 1),
(1215, 20, 51, NULL, 1, 18, 1),
(1216, 20, 51, NULL, NULL, 18, 1),
(1217, 20, 51, NULL, 1, 19, 1),
(1218, 20, 51, NULL, NULL, 19, 1),
(1219, 20, 51, NULL, 1, 20, 1),
(1220, 20, 51, NULL, NULL, 20, 1),
(1221, 20, 51, NULL, 1, 21, 1),
(1222, 20, 51, NULL, NULL, 21, 1),
(1223, 20, 51, NULL, 1, 22, 1),
(1224, 20, 51, NULL, NULL, 22, 1),
(1225, 36, 51, NULL, 1, 1, 1),
(1226, 36, 51, NULL, NULL, 1, 1),
(1227, 36, 51, NULL, 1, 3, 1),
(1228, 36, 51, NULL, NULL, 3, 1),
(1229, 36, 51, 'get_todo_list_for_new_dropdown\r\n__todo_id__\r\ntodo_ids,todo', 1, 4, 1),
(1230, 36, 51, NULL, NULL, 4, 1),
(1231, 36, 51, NULL, 1, 14, 1),
(1232, 36, 51, NULL, NULL, 14, 1),
(1233, 36, 51, NULL, 1, 5, 1),
(1234, 36, 51, NULL, NULL, 5, 1),
(1235, 36, 51, NULL, 1, 15, 1),
(1236, 36, 51, NULL, NULL, 15, 1),
(1237, 36, 51, NULL, 1, 6, 1),
(1238, 36, 51, NULL, NULL, 6, 1),
(1239, 36, 51, NULL, 1, 16, 1),
(1240, 36, 51, NULL, NULL, 16, 1),
(1241, 36, 51, NULL, 1, 7, 1),
(1242, 36, 51, NULL, NULL, 7, 1),
(1243, 36, 51, NULL, 1, 17, 1),
(1244, 36, 51, NULL, NULL, 17, 1),
(1245, 36, 51, NULL, 1, 8, 1),
(1246, 36, 51, NULL, NULL, 8, 1),
(1247, 36, 51, NULL, 1, 18, 1),
(1248, 36, 51, NULL, NULL, 18, 1),
(1249, 36, 51, NULL, 1, 9, 1),
(1250, 36, 51, NULL, NULL, 9, 1),
(1251, 36, 51, NULL, 1, 19, 1),
(1252, 36, 51, NULL, NULL, 19, 1),
(1253, 36, 51, NULL, 1, 10, 1),
(1254, 36, 51, NULL, NULL, 10, 1),
(1255, 36, 51, NULL, 1, 20, 1),
(1256, 36, 51, NULL, NULL, 20, 1),
(1257, 36, 51, NULL, 1, 11, 1),
(1258, 36, 51, NULL, NULL, 11, 1),
(1259, 36, 51, NULL, 1, 21, 1),
(1260, 36, 51, NULL, NULL, 21, 1),
(1261, 36, 51, NULL, 1, 12, 1),
(1262, 36, 51, NULL, NULL, 12, 1),
(1263, 36, 51, NULL, 1, 22, 1),
(1264, 36, 51, NULL, NULL, 22, 1),
(1265, 36, 51, NULL, 1, 13, 1),
(1266, 36, 51, NULL, NULL, 13, 1),
(1267, 36, 34, NULL, 1, 1, 1),
(1268, 36, 34, NULL, NULL, 1, 1),
(1269, 36, 34, NULL, 1, 3, 1),
(1270, 36, 34, NULL, NULL, 3, 1),
(1271, 36, 34, 'option||value=__todo_ids__;\\ntval=__todo_id__;\\ncore=__todo__;\\ncorefore=&nbsp;&#8627;;\\ndata-internal-only=true', 1, 4, 1),
(1272, 36, 34, NULL, NULL, 4, 1),
(1273, 36, 34, NULL, 1, 14, 1),
(1274, 36, 34, NULL, NULL, 14, 1),
(1275, 36, 34, NULL, 1, 5, 1),
(1276, 36, 34, NULL, NULL, 5, 1),
(1277, 36, 34, NULL, 1, 15, 1),
(1278, 36, 34, NULL, NULL, 15, 1),
(1279, 36, 34, NULL, 1, 6, 1),
(1280, 36, 34, NULL, NULL, 6, 1),
(1281, 36, 34, NULL, 1, 16, 1),
(1282, 36, 34, NULL, NULL, 16, 1),
(1283, 36, 34, NULL, 1, 7, 1),
(1284, 36, 34, NULL, NULL, 7, 1),
(1285, 36, 34, NULL, 1, 17, 1),
(1286, 36, 34, NULL, NULL, 17, 1),
(1287, 36, 34, NULL, 1, 8, 1),
(1288, 36, 34, NULL, NULL, 8, 1),
(1289, 36, 34, NULL, 1, 18, 1),
(1290, 36, 34, NULL, NULL, 18, 1),
(1291, 36, 34, NULL, 1, 9, 1),
(1292, 36, 34, NULL, NULL, 9, 1),
(1293, 36, 34, NULL, 1, 19, 1),
(1294, 36, 34, NULL, NULL, 19, 1),
(1295, 36, 34, NULL, 1, 10, 1),
(1296, 36, 34, NULL, NULL, 10, 1),
(1297, 36, 34, NULL, 1, 20, 1),
(1298, 36, 34, NULL, NULL, 20, 1),
(1299, 36, 34, NULL, 1, 11, 1),
(1300, 36, 34, NULL, NULL, 11, 1),
(1301, 36, 34, NULL, 1, 21, 1),
(1302, 36, 34, NULL, NULL, 21, 1),
(1303, 36, 34, NULL, 1, 12, 1),
(1304, 36, 34, NULL, NULL, 12, 1),
(1305, 36, 34, NULL, 1, 22, 1),
(1306, 36, 34, NULL, NULL, 22, 1),
(1307, 36, 34, NULL, 1, 13, 1),
(1308, 36, 34, NULL, NULL, 13, 1),
(1309, 35, 34, NULL, 1, 1, 1),
(1310, 35, 34, NULL, NULL, 1, 1),
(1311, 35, 34, NULL, 1, 3, 1),
(1312, 35, 34, NULL, NULL, 3, 1),
(1313, 35, 34, 'select||name=olddiarytodo[__note_id__];\\nclass=form-control;\\ndata-core=1,oldtodoopt,diary,csv;\\nfore=<p>;\\naft=</p>;\\ndata-wrapper=div!!class=text', 1, 4, 1),
(1314, 35, 34, NULL, NULL, 4, 1),
(1315, 35, 34, NULL, 1, 14, 1),
(1316, 35, 34, NULL, NULL, 14, 1),
(1317, 35, 34, NULL, 1, 5, 1),
(1318, 35, 34, NULL, NULL, 5, 1),
(1319, 35, 34, NULL, 1, 15, 1),
(1320, 35, 34, NULL, NULL, 15, 1),
(1321, 35, 34, NULL, 1, 6, 1),
(1322, 35, 34, NULL, NULL, 6, 1),
(1323, 35, 34, NULL, 1, 16, 1),
(1324, 35, 34, NULL, NULL, 16, 1),
(1325, 35, 34, NULL, 1, 7, 1),
(1326, 35, 34, NULL, NULL, 7, 1),
(1327, 35, 34, NULL, 1, 17, 1),
(1328, 35, 34, NULL, NULL, 17, 1),
(1329, 35, 34, NULL, 1, 8, 1),
(1330, 35, 34, NULL, NULL, 8, 1),
(1331, 35, 34, NULL, 1, 18, 1),
(1332, 35, 34, NULL, NULL, 18, 1),
(1333, 35, 34, NULL, 1, 9, 1),
(1334, 35, 34, NULL, NULL, 9, 1),
(1335, 35, 34, NULL, 1, 19, 1),
(1336, 35, 34, NULL, NULL, 19, 1),
(1337, 35, 34, NULL, 1, 10, 1),
(1338, 35, 34, NULL, NULL, 10, 1),
(1339, 35, 34, NULL, 1, 20, 1),
(1340, 35, 34, NULL, NULL, 20, 1),
(1341, 35, 34, NULL, 1, 11, 1),
(1342, 35, 34, NULL, NULL, 11, 1),
(1343, 35, 34, NULL, 1, 21, 1),
(1344, 35, 34, NULL, NULL, 21, 1),
(1345, 35, 34, NULL, 1, 12, 1),
(1346, 35, 34, NULL, NULL, 12, 1),
(1347, 35, 34, NULL, 1, 22, 1),
(1348, 35, 34, NULL, NULL, 22, 1),
(1349, 35, 34, NULL, 1, 13, 1),
(1350, 35, 34, NULL, NULL, 13, 1);

-- --------------------------------------------------------

--
-- Table structure for table pg_obj_type_pg_obj_set_type_brg
--

CREATE TABLE IF NOT EXISTS pg_obj_type_pg_obj_set_type_brg (
  id int UNSIGNED NOT NULL AUTO_INCREMENT,
  pg_obj_type_id int UNSIGNED NOT NULL,
  pg_obj_set_type_id int UNSIGNED NOT NULL,
  act_bit tinyint(1) NOT NULL,
  PRIMARY KEY (id),
  UNIQUE KEY pg_obj_type_id (pg_obj_type_id,pg_obj_set_type_id)
) ENGINE=MyISAM AUTO_INCREMENT=278 DEFAULT CHARSET=utf8mb4 COLLATE=utf8mb4_0900_ai_ci COMMENT='Keeps track of what settings an object type uses.';

--
-- Dumping data for table pg_obj_type_pg_obj_set_type_brg
--

INSERT IGNORE INTO pg_obj_type_pg_obj_set_type_brg (id, pg_obj_type_id, pg_obj_set_type_id, act_bit) VALUES
(1, 1, 18, 1),
(2, 1, 19, 1),
(3, 1, 20, 1),
(4, 1, 21, 1),
(5, 1, 22, 1),
(6, 1, 23, 1),
(7, 1, 24, 1),
(8, 1, 26, 1),
(9, 1, 27, 1),
(10, 2, 19, 1),
(11, 2, 22, 1),
(12, 2, 24, 1),
(13, 2, 26, 1),
(14, 2, 27, 1),
(15, 3, 19, 1),
(16, 3, 22, 1),
(17, 3, 24, 1),
(18, 3, 26, 1),
(19, 3, 27, 1),
(20, 4, 19, 1),
(21, 4, 22, 1),
(22, 4, 24, 1),
(23, 4, 26, 1),
(24, 4, 27, 1),
(25, 5, 19, 1),
(26, 5, 22, 1),
(27, 5, 24, 1),
(28, 5, 26, 1),
(29, 5, 27, 1),
(30, 6, 18, 1),
(31, 6, 19, 1),
(32, 6, 20, 1),
(33, 6, 21, 1),
(34, 6, 22, 1),
(35, 6, 23, 1),
(36, 6, 24, 1),
(37, 6, 26, 1),
(38, 6, 27, 1),
(39, 7, 19, 1),
(40, 7, 22, 1),
(41, 7, 23, 1),
(42, 7, 24, 1),
(43, 7, 26, 1),
(44, 7, 27, 1),
(45, 8, 19, 1),
(46, 8, 22, 1),
(47, 8, 23, 1),
(117, 14, 28, 1),
(49, 8, 27, 1),
(50, 9, 19, 1),
(51, 9, 22, 1),
(52, 9, 23, 1),
(53, 9, 24, 1),
(54, 9, 26, 1),
(55, 9, 27, 1),
(56, 10, 18, 1),
(57, 10, 19, 1),
(58, 10, 20, 1),
(59, 10, 21, 1),
(60, 10, 22, 1),
(61, 10, 23, 1),
(62, 10, 24, 1),
(63, 10, 26, 1),
(64, 10, 27, 1),
(65, 11, 18, 1),
(66, 11, 19, 1),
(67, 11, 20, 1),
(68, 11, 21, 1),
(69, 11, 22, 1),
(70, 11, 23, 1),
(71, 11, 24, 1),
(72, 11, 26, 1),
(73, 11, 27, 1),
(74, 12, 18, 1),
(75, 12, 19, 1),
(76, 12, 20, 1),
(77, 12, 21, 1),
(78, 12, 22, 1),
(79, 12, 23, 1),
(80, 12, 24, 1),
(81, 12, 26, 1),
(82, 12, 27, 1),
(83, 13, 18, 1),
(84, 13, 19, 1),
(85, 13, 20, 1),
(86, 13, 21, 1),
(87, 13, 22, 1),
(88, 13, 23, 1),
(89, 13, 24, 1),
(90, 13, 26, 1),
(91, 13, 27, 1),
(92, 14, 18, 1),
(93, 14, 19, 1),
(94, 14, 20, 1),
(95, 14, 21, 1),
(96, 14, 22, 1),
(97, 15, 18, 1),
(98, 15, 19, 1),
(99, 15, 20, 1),
(100, 15, 21, 1),
(101, 15, 22, 1),
(102, 15, 23, 1),
(103, 15, 24, 1),
(104, 15, 25, 1),
(105, 15, 26, 1),
(106, 15, 27, 1),
(107, 16, 25, 1),
(108, 17, 19, 1),
(109, 17, 22, 1),
(110, 17, 23, 1),
(111, 17, 24, 1),
(112, 17, 26, 1),
(113, 17, 27, 1),
(114, 15, 125, 1),
(115, 8, 125, 1),
(116, 126, 24, 1),
(118, 14, 34, 1),
(119, 14, 35, 1),
(120, 15, 33, 1),
(121, 15, 34, 1),
(122, 15, 35, 1),
(123, 9, 33, 1),
(124, 9, 34, 1),
(125, 9, 35, 1),
(126, 17, 33, 1),
(127, 17, 34, 1),
(128, 17, 35, 1),
(129, 7, 33, 1),
(130, 7, 34, 1),
(131, 7, 35, 1),
(132, 2, 33, 1),
(133, 2, 34, 1),
(134, 2, 35, 1),
(135, 13, 33, 1),
(136, 13, 34, 1),
(137, 13, 35, 1),
(138, 1, 33, 1),
(139, 1, 34, 1),
(140, 1, 35, 1),
(141, 6, 33, 1),
(142, 6, 34, 1),
(143, 6, 35, 1),
(144, 10, 33, 1),
(145, 10, 34, 1),
(146, 10, 35, 1),
(147, 8, 33, 1),
(148, 8, 34, 1),
(149, 8, 35, 1),
(150, 29, 26, 1),
(151, 15, 32, 1),
(152, 15, 28, 1),
(153, 13, 32, 1),
(154, 13, 28, 1),
(155, 1, 32, 1),
(156, 1, 28, 1),
(157, 6, 32, 1),
(158, 6, 28, 1),
(159, 10, 32, 1),
(160, 10, 28, 1),
(161, 37, 38, 1),
(162, 39, 19, 1),
(163, 39, 18, 1),
(164, 39, 20, 1),
(165, 39, 21, 1),
(166, 39, 32, 1),
(167, 39, 33, 1),
(168, 39, 34, 1),
(169, 39, 35, 1),
(170, 39, 22, 1),
(171, 39, 23, 1),
(172, 39, 24, 1),
(173, 39, 28, 1),
(174, 40, 26, 1),
(175, 40, 19, 1),
(176, 40, 27, 1),
(177, 40, 33, 1),
(178, 40, 34, 1),
(179, 40, 35, 1),
(180, 40, 22, 1),
(181, 40, 23, 1),
(182, 40, 24, 1),
(183, 40, 25, 1),
(184, 40, 28, 1),
(185, 41, 26, 1),
(186, 41, 27, 1),
(187, 41, 33, 1),
(188, 41, 34, 1),
(189, 41, 35, 1),
(190, 41, 22, 1),
(191, 48, 26, 1),
(192, 48, 19, 1),
(193, 48, 27, 1),
(194, 48, 33, 1),
(195, 48, 34, 1),
(196, 48, 35, 1),
(197, 48, 42, 1),
(198, 48, 22, 1),
(199, 48, 23, 1),
(200, 48, 28, 1),
(201, 8, 42, 1),
(202, 45, 26, 0),
(203, 45, 19, 1),
(204, 45, 27, 1),
(205, 45, 33, 1),
(206, 45, 34, 1),
(207, 45, 35, 1),
(208, 45, 42, 1),
(209, 45, 22, 1),
(210, 45, 23, 1),
(211, 45, 24, 0),
(212, 45, 28, 1),
(213, 46, 19, 1),
(214, 46, 27, 1),
(215, 46, 33, 1),
(216, 46, 34, 1),
(217, 46, 35, 1),
(218, 46, 42, 1),
(219, 46, 22, 1),
(220, 46, 23, 1),
(221, 46, 28, 1),
(222, 47, 19, 1),
(223, 47, 27, 1),
(224, 47, 33, 1),
(225, 47, 34, 1),
(226, 47, 35, 1),
(227, 47, 42, 1),
(228, 47, 22, 1),
(229, 47, 23, 1),
(230, 47, 28, 1),
(231, 14, 27, 1),
(232, 14, 33, 1),
(233, 48, 49, 1),
(234, 8, 49, 1),
(235, 45, 49, 1),
(236, 46, 49, 1),
(237, 47, 49, 1),
(238, 50, 26, 0),
(239, 50, 19, 1),
(240, 50, 27, 1),
(241, 50, 33, 1),
(242, 50, 34, 1),
(243, 50, 35, 1),
(244, 50, 42, 1),
(245, 50, 49, 1),
(246, 50, 23, 1),
(247, 50, 24, 0),
(248, 50, 22, 1),
(249, 50, 28, 1),
(250, 50, 51, 1),
(251, 45, 51, 1),
(252, 8, 51, 1),
(253, 48, 51, 1),
(254, 52, 26, 1),
(255, 52, 27, 1),
(256, 52, 33, 1),
(257, 52, 34, 1),
(258, 52, 35, 1),
(259, 6, 51, 1),
(260, 6, 53, 1),
(261, 10, 51, 1),
(262, 10, 53, 1),
(263, 48, 53, 1),
(264, 8, 53, 1),
(265, 45, 53, 1),
(266, 50, 53, 1),
(267, 46, 51, 1),
(268, 46, 53, 1),
(269, 47, 51, 1),
(270, 47, 53, 1),
(271, 6, 54, 1),
(272, 46, 54, 1),
(273, 55, 26, 1),
(274, 55, 27, 1),
(275, 55, 33, 1),
(276, 55, 34, 1),
(277, 55, 35, 1);

-- --------------------------------------------------------

--
-- Table structure for table pg_pg_obj_brg
--

CREATE TABLE IF NOT EXISTS pg_pg_obj_brg (
  id int UNSIGNED NOT NULL AUTO_INCREMENT,
  pg_id int UNSIGNED NOT NULL,
  pg_obj_id int UNSIGNED NOT NULL,
  pg_obj_loc varchar(255) CHARACTER SET utf8mb4 COLLATE utf8mb4_0900_ai_ci DEFAULT NULL COMMENT 'Stores the variable name of the placeholder on the page.',
  spc_ord smallint DEFAULT NULL COMMENT 'For objects that coalesce',
  use_def_bit tinyint(1) NOT NULL DEFAULT '1' COMMENT 'True if default values allowed.',
  act_bit tinyint(1) NOT NULL,
  PRIMARY KEY (id),
  UNIQUE KEY unique_id (pg_id,pg_obj_id)
) ENGINE=MyISAM AUTO_INCREMENT=38 DEFAULT CHARSET=utf8mb4 COLLATE=utf8mb4_0900_ai_ci COMMENT='Keeps track of objects on a particular page.' ROW_FORMAT=DYNAMIC;

--
-- Dumping data for table pg_pg_obj_brg
--

INSERT IGNORE INTO pg_pg_obj_brg (id, pg_id, pg_obj_id, pg_obj_loc, spc_ord, use_def_bit, act_bit) VALUES
(1, 1, 1, 'index', NULL, 1, 1),
(2, 1, 2, 'notes', 60, 1, 1),
(3, 1, 3, 'favicon', 10, 1, 1),
(4, 1, 4, 'metadesc', 20, 1, 1),
(5, 1, 5, 'metakeys', 30, 1, 1),
(6, 1, 6, 'metaview', 40, 1, 1),
(7, 1, 7, 'hdr', 50, 1, 1),
(8, 1, 8, 'shdr', 55, 1, 1),
(9, 1, 9, 'title', 5, 1, 1),
(10, 1, 10, 'stylesheets', 45, 1, 1),
(11, 1, 11, 'newentry', 61, 1, 1),
(12, 1, 12, 'newtypesel', 62, 1, 1),
(13, 1, 13, 'newtypeopt', 63, 1, 1),
(14, 1, 14, 'newstatussel', 64, 1, 1),
(15, 1, 15, 'newstatusopt', 65, 1, 1),
(16, 1, 16, 'newdl', 66, 1, 1),
(17, 1, 17, 'newcd', 67, 1, 1),
(18, 1, 18, 'newtodosel', 68, 1, 1),
(19, 1, 19, 'newtodoopt', 69, 1, 1),
(20, 1, 20, 'entryform', 70, 1, 1),
(21, 1, 21, 'curdate', 71, 1, 1),
(22, 1, 22, 'rod', 72, 1, 1),
(23, 1, 23, 'rid', 73, 1, 1),
(24, 1, 24, 'addnewbut', 74, 1, 1),
(25, 1, 25, 'orid', 151, 1, 1),
(26, 1, 26, 'orod', 150, 1, 1),
(27, 1, 27, 'updoldbut', 152, 1, 1),
(28, 1, 28, 'oldentry', 153, 1, 1),
(29, 1, 29, 'oldtypesel', 154, 1, 1),
(30, 1, 30, 'oldtypeopt', 155, 1, 1),
(31, 1, 31, 'oldstatussel', 156, 1, 1),
(32, 1, 32, 'oldstatusopt', 157, 1, 1),
(33, 1, 33, 'olddl', 158, 1, 1),
(34, 1, 34, 'oldcd', 159, 1, 1),
(35, 1, 35, 'oldtodosel', 160, 1, 1),
(36, 1, 36, 'oldtodoopt', 161, 1, 1),
(37, 1, 37, 'olddate', 162, 1, 1);

-- --------------------------------------------------------

--
-- Table structure for table srv_meta_data
--

CREATE TABLE IF NOT EXISTS srv_meta_data (
  srv_name varchar(63) CHARACTER SET utf8mb4 COLLATE utf8mb4_0900_ai_ci NOT NULL COMMENT 'Full Server Name',
  srv_lbl varchar(63) CHARACTER SET utf8mb4 COLLATE utf8mb4_0900_ai_ci DEFAULT NULL COMMENT 'Server Nickname',
  srv_dsr varchar(1023) CHARACTER SET utf8mb4 COLLATE utf8mb4_0900_ai_ci DEFAULT NULL COMMENT 'Platform description',
  PRIMARY KEY (srv_name)
) ENGINE=MyISAM DEFAULT CHARSET=utf8mb4 COLLATE=utf8mb4_0900_ai_ci COMMENT='Keeps track of server name';

--
-- Dumping data for table srv_meta_data
--

INSERT IGNORE INTO srv_meta_data (srv_name, srv_lbl, srv_dsr) VALUES
('Hoopla', 'Hoopla Server 1', 'Hoopla Database Project Server');

-- --------------------------------------------------------

--
-- Table structure for table `types`
--

CREATE TABLE IF NOT EXISTS `types` (
  id int UNSIGNED NOT NULL AUTO_INCREMENT,
  spc_ord int UNSIGNED DEFAULT NULL COMMENT 'Allows for ordering lists entered in random order',
  type_name varchar(255) CHARACTER SET utf8mb4 COLLATE utf8mb4_0900_ai_ci DEFAULT NULL COMMENT 'A given type name.',
  std_type_lbl varchar(63) CHARACTER SET utf8mb4 COLLATE utf8mb4_0900_ai_ci DEFAULT NULL COMMENT 'Used for web service communications',
  type_dsr varchar(1023) CHARACTER SET utf8mb4 COLLATE utf8mb4_0900_ai_ci DEFAULT NULL COMMENT 'Full type description.',
  meta_type_id int UNSIGNED NOT NULL COMMENT 'Type-types or super-types.',
  act_bit tinyint(1) NOT NULL DEFAULT '1' COMMENT 'True if active',
  PRIMARY KEY (id),
  UNIQUE KEY std_type_lbl (std_type_lbl),
  UNIQUE KEY unique_name (meta_type_id,type_name(63)),
  KEY meta_type_id (meta_type_id),
  KEY name (type_name(63))
) ENGINE=MyISAM AUTO_INCREMENT=56 DEFAULT CHARSET=utf8mb4 COLLATE=utf8mb4_0900_ai_ci COMMENT='Stores all types except roles, under meta-type' ROW_FORMAT=DYNAMIC;

--
-- Dumping data for table `types`
--

INSERT IGNORE INTO `types` (id, spc_ord, type_name, std_type_lbl, type_dsr, meta_type_id, act_bit) VALUES
(1, 90, 'Admin Menu', 'amenu', 'An alternative list of links for admin users.', 1, 1),
(2, 70, 'Data Set', 'data', 'A block of data shown on the page. May contain HTML input elements.', 1, 1),
(6, 100, 'Form', 'form', 'A form encountered on the page.', 1, 1),
(7, 60, 'Footer', 'ftr', 'The footer at the bottom of the page.', 1, 1),
(8, 130, 'Form Element', 'felement', 'Text boxes and other user entry form objects (use to segregate from all elements).', 1, 1),
(9, 40, 'Header', 'hdr', 'The header on the page, as seen in the browser.', 1, 1),
(10, 110, 'Block', 'block', 'A section of a page.', 1, 1),
(13, 80, 'Menu', 'menu', 'A list of links.', 1, 1),
(14, 240, 'Page', 'pg', 'Page as an object with properties.', 1, 1),
(15, 10, 'Page Body', 'body', 'Anything that goes in the main body of the page but not a sub-section of the body, such as a form', 1, 1),
(16, 30, 'DB Query', 'dbq', 'Database query.', 1, 1),
(17, 50, 'Sub Header', 'shdr', 'The sub-header on the page, as seen in the browser.', 1, 1),
(18, 40, 'CSS Include', 'css_file', 'Some reference to a CSS file name or link url.', 2, 1),
(19, 20, 'HTML String', 'html', 'HTML insert with entities and/or tags.', 2, 1),
(20, 50, 'JS File Include', 'js_file', 'Some reference to a JS file name or link url.', 2, 1),
(21, 60, 'JS Library Include', 'js_lib', 'Some reference to a JS library name or link url.', 2, 1),
(22, 160, 'PHP Include', 'php_file', 'Some reference to a PHP file (use this feature to associate one page with another).', 2, 1),
(23, 170, 'PHP Code String', 'php_code', 'PHP to be directly evaluated.', 2, 1),
(24, 180, 'PHP Variable', 'php_var_val', 'The value of a PHP variable, such as a string.  Not for template variables, but true page variables.', 2, 1),
(25, 210, 'DB Query String', 'dbqs', 'A database query string to assign to a variable.', 2, 1),
(26, 10, 'Text', 'txt', 'Presentation text string.', 2, 1),
(27, 80, 'XML String', 'xml', 'XML to be unserialized or expressed directly.', 2, 1),
(28, 220, 'External Code', 'ext_code', '3rd Party Code Reference file name or link url.', 2, 1),
(29, 180, 'Page Query Value', 'pqv', 'Allows one to query pgs with this value.', 1, 1),
(30, 1, 'Default Context', 'def_ctx', 'The default context for a setting value.', 3, 1),
(31, 2, 'Arbitrary Context', 'arb_ctx', 'Any alternative context for a setting value.', 3, 1),
(32, 70, 'JS Code', 'js_code', 'Javascript code to add to a page.', 2, 1),
(33, 90, 'JSON String', 'json', 'JSON string to be pulled into the page or sent out.', 2, 1),
(34, 100, 'CSV List String', 'csv', 'A delimited separated values list string.', 2, 1),
(35, 110, 'NSV List String', 'nsv', 'A newline separated values list string.', 2, 1),
(36, 3, 'Page Context', 'pg_ctx', 'Any group of pages, such as those belonging to a template.', 3, 1),
(37, 230, 'Page Detail', 'detail', 'Supplemental page information with a value.', 1, 1),
(38, 230, 'Detail Value', 'det_val', 'The value of any supplemental detail.', 2, 1),
(39, 20, 'Page Head', 'head', 'Anything within head tags.', 1, 1),
(40, 190, 'PHP', 'php', 'PHP scripting or code outside the scope of the HTML.', 1, 1),
(41, 200, 'Procedure-Callback List', 'pcbl', 'A list of procedures, functions or callbacks to call.', 1, 1),
(42, 120, 'Attribute Value Pair', 'avp', 'Attribute=Value pair', 2, 1),
(43, 150, 'URL Query String', 'uqs', 'URL Query String (typically after ? with &amp; separated lists of attribute=value pairs)', 2, 1),
(44, 30, 'URL', 'url', 'A full or partial URL.', 2, 1),
(45, 140, 'Form Input Element', 'input', 'Any HTML form input element (use to segregate from other elements)', 1, 1),
(46, 160, 'Form Button', 'button', 'Any clickable HTML element (use to segregate from other elements)', 1, 1),
(47, 170, 'Hidden Element', 'hidden', 'A hidden HTML element (use to segregate from other elements)', 1, 1),
(48, 120, 'Element', 'element', 'Any HTML element.', 1, 1),
(49, 130, 'Post-Get-Request Name', 'postname', 'The lookup name of any element returned after submission.', 2, 1),
(50, 150, 'Form Input Empty Element', 'empty', 'Any form input element that has no current value, such as for a new row of data entry.', 1, 1),
(51, 190, 'PHP Function Call', 'php_func_call', 'A call to a user defined or stock function based on some pattern to return a result.', 2, 1),
(52, 220, 'Context List', 'ctxlist', 'A list of contexts', 1, 1),
(53, 200, 'PHP Function Reference', 'php_func_ref', 'A reference to a PCBL object instead of a more direct value.', 2, 1),
(54, 140, 'Post-Get-Request List', 'postlist', 'The lookup names of any elements of interest returned after submission.', 2, 1),
(55, 210, 'Object List', 'objlist', 'A list of objects', 1, 1);
